"","X","n_obs","m","C_obs","N_scr","N_scr_se","sigma_scr","sigma_scr_se","lambda0_scr","scr_ran","runtime_scr","N","N_se","sigma","sigma_se","lambda0","beta","r","runtime","ess_N","ess_sigma","N_better","sigma_better","N_true","mu0_true","sigma_true","lambda0_true","lambda0_better"
"1",1,77,34,25,59.7703247871522,8.62576818378527,0.107548661962313,0.0109452368199346,0.0738987668046705,1,0.10679239432017,61.8064,8.87768237423119,0.107376719925731,0.0105593647869326,0.0745971833351572,6.88803418602242,0.773666646400918,11.6942356069883,847.128984127052,364.891137485736,0,0,50,0.00534680457902141,0.121372664608061,0.0577660497464595,0
"2",2,114,35,24,49.3309790879168,5.32679046160952,0.118779278076952,0.0091595286281786,0.108943169758205,1,0.13344232638677,50.2624,5.49399853002703,0.119050386238801,0.00951882989534312,0.108134513030336,7.88162108926564,0.784946190014929,12.8693172216415,1492.74689655053,504.558657218679,1,1,50,0.0090888759936206,0.120499489596114,0.0996230640571473,1
"3",3,102,32,24,44.1926259371198,4.98513613456331,0.130035820190791,0.0111957003079987,0.088814970736246,1,0.119855797290802,44.4528,4.87537484425031,0.132730425648181,0.0118010508474798,0.0881686384944475,7.84631838299317,0.862382671944933,11.5309346954028,1133.57863848291,385.746481503336,1,1,50,0.00971310866181739,0.143561831829138,0.0750067583435032,1
"4",4,66,32,22,56.7560369881579,9.30207846196242,0.126773102387783,0.0160884432471221,0.047389042096637,1,0.0937314669291178,59.5836,9.65104492307661,0.128132051112377,0.015541589362392,0.0461801837822979,5.00384499588357,0.701347036343356,10.8258137027423,725.812559641267,325.494000821675,0,1,50,0.00634690938168205,0.16883283355739,0.0354379515920555,1
"5",5,71,33,24,51.626343159096,7.60509791642649,0.163909420392641,0.0210610465736323,0.0343170485940953,1,0.0943132281303406,52.532,7.88468409622852,0.17273819416927,0.0293747794432941,0.0332132504743824,6.83021123414097,0.731019971594491,10.4640799999237,975.631213561347,190.003677742752,0,0,50,0.00584674061625265,0.142574907322414,0.0457770458824926,0
"6",6,56,23,20,33.8164682369969,5.1729171064262,0.145776093031041,0.0179074003188105,0.0533133794734846,1,0.0492103020350138,34.606,5.16718917183947,0.14671930084018,0.0172766368181292,0.0547969127543522,7.7434097086413,0.632540318101869,8.09966721137365,1424.39425643314,470.395983265861,1,0,50,0.00516947811236605,0.142848731023259,0.0403193998461507,0
"7",7,83,30,24,40.1227962881697,4.82023887003173,0.169558689888517,0.0197222347847277,0.0481418415664932,1,0.0942314664522807,41.1848,5.01923560419514,0.16860257128415,0.020143592205609,0.049141306578688,7.76547185066596,0.784763493476167,10.361231080691,1003.5589751026,303.562845598308,1,1,50,0.00589392502093688,0.135895102657378,0.0507945510613946,1
"8",8,94,34,25,49.1489690943818,5.85783261750342,0.136326378719052,0.0128335721433583,0.0668441422512308,1,0.139956124623617,49.9376,5.82519350680788,0.138179281225185,0.0133057722138049,0.0654548004515545,7.7055263676048,0.770279739435903,12.1250120123227,1300.07545701782,443.104078236262,1,1,50,0.00820832682773471,0.146360058984719,0.0609859256840071,1
"9",1,76,35,25,58.5919982777898,8.24066482591251,0.123973171821741,0.0127328005244658,0.0574540799804576,1,0.105453773339589,60.5468,8.41038070252617,0.124535854002018,0.0129873032489938,0.0571286821143851,6.68619451938171,0.7227542435188,12.9196987231572,837.045048375328,381.934680493793,0,1,50,0.006521384177031,0.145034399111755,0.0493421281725903,1
"10",2,119,38,24,50.4014297266417,5.08876551221806,0.150880674046886,0.0134016936210518,0.0669887532371703,1,0.15200750430425,51.5112,5.11831548669761,0.150506453432683,0.0131384062397921,0.0665268919278809,8.25386125358344,0.82710769661077,14.778827003638,1272.51030524495,373.321487377645,0,1,50,0.00737369454232976,0.14235749936197,0.0579088010367522,1
"11",3,119,40,25,50.878869309069,4.82130581168655,0.180379294796411,0.0176626184191101,0.0486719902818213,1,0.179202596346537,51.7492,4.910228456742,0.18099042483204,0.0173464633991564,0.0484438823405216,6.60757819867521,0.874678746706655,13.5606123725573,1046.13982014963,350.118754723327,0,0,50,0.00996762885944918,0.178105323258787,0.0500101538441825,0
"12",4,93,33,25,47.3025314507349,5.8445628781594,0.141993547301,0.0149318851743886,0.0614538771603501,1,0.133784981568654,47.7384,5.75019924494296,0.146623992727715,0.0153929519718491,0.0593413182862279,5.69149145567656,0.864770274450809,10.4271085540454,1056.1965520432,311.787615052009,1,1,50,0.00760326931020245,0.156444486896507,0.049442449522008,1
"13",5,134,42,24,61.9958203517292,6.6300578331949,0.129282307195274,0.0107921875701746,0.0725848624939548,1,0.180786554018656,58.5984,5.96839728456967,0.15822348047919,0.0197998508755729,0.0547726485054535,1.12951765644173,0.897938962112892,14.4556014339129,1041.33824081328,161.042586014443,1,1,50,0.00921615516184829,0.148420703918673,0.0665856947510484,0
"14",6,96,35,25,47.2126334272453,5.45748241265392,0.177709685837264,0.0213746706136594,0.0418480186097956,1,0.110399476687113,48.418,5.5667289666873,0.178432991561045,0.0211846257032752,0.0417325564578702,7.17815644745141,0.746339047702447,10.6945773998896,795.781813130394,275.715466578995,1,0,50,0.00861657274304889,0.171488388497382,0.0466321298839955,0
"15",7,89,33,23,44.9682715477955,5.20200909243168,0.159471521568564,0.0165084514287346,0.0529949552842399,1,0.130379478136698,46.4884,5.48520741997749,0.159410553041461,0.0164189703074239,0.05207812068809,5.05097375966138,0.769022334304815,10.0310563445091,1234.30806678373,448.610605012431,1,1,50,0.00807584028108977,0.146121105230413,0.0601979852003304,0
"16",8,99,34,24,50.559609050498,6.10035564798153,0.124199701782646,0.0112619618359741,0.0794477207963055,1,0.126338136196136,51.1512,6.15853144538741,0.126850599355098,0.0118643064517969,0.0777255940981952,6.9425243504704,0.754002973841077,11.1446108897527,1163.45890515246,369.918353543179,0,0,50,0.00869585660635494,0.124936175867915,0.0886657892094933,0
"17",1,86,37,22,54.6342568801266,6.87999277352121,0.160963023191488,0.0177648802017411,0.0412620945408075,1,0.105890226364136,55.7972,6.98567047582397,0.165827335439627,0.0195939797549933,0.0395971015510386,6.40737027921145,0.760090947736445,13.2236959775289,929.471835018784,268.019232371952,0,0,50,0.00752920261467807,0.16040650642477,0.0465720286142801,0
"18",2,82,33,24,46.1199570288154,5.62649186183167,0.153611376401551,0.0158334726128866,0.0539926357508799,1,0.14101935227712,48.1136,6.0546972495339,0.151756072742139,0.0155805799867135,0.0532318432878698,5.76277779541304,0.731004796973877,11.6345715045929,1116.57191412238,410.506875507359,1,1,50,0.00797404193435796,0.14322753272485,0.0618650866337154,0
"19",3,98,36,25,46.9724954012786,4.91453420055098,0.175112218596762,0.0175318684266636,0.0480909999603686,1,0.179145940144857,46.6496,4.71106118395756,0.186461863659513,0.019562942915729,0.0457732081471095,5.85345521239321,0.827375698779141,11.7402685602506,1158.02867073886,405.441118964137,0,0,50,0.00904373566736467,0.1594801489776,0.0565919588213966,0
"20",4,101,34,23,46.7329217288488,5.37941469312902,0.142773218280697,0.0140543439734251,0.0690974710565725,1,0.115526990095774,46.156,5.05706372882753,0.152013962065273,0.0151491674556997,0.0658101702382972,7.73766538585541,0.844065543709821,10.8379792968432,989.107067924367,362.433647151637,0,0,50,0.00864409863017499,0.139282175903209,0.0709167394201158,0
"21",5,72,31,25,43.9857785399912,5.98702491660738,0.173300125703886,0.0214447114884903,0.0385022591280319,1,0.0918519775072733,45.2972,6.40228614380417,0.176152107533984,0.0254153648615387,0.0381689208512777,5.59122221923626,0.790645748307056,8.9950673143069,628.879644773996,254.934347866829,1,0,50,0.00575993782840669,0.156724501219578,0.0373219334976127,1
"22",6,117,40,25,47.9540557027076,4.01840308593253,0.217343830338954,0.0221818387556757,0.0386947782691826,1,0.172931655248006,48.7768,4.23099778975584,0.222989202739963,0.0243971853313075,0.0366739144057992,7.00300432946333,0.850527535422622,12.2939634362857,1106.02974194972,338.949315953429,1,0,50,0.00978093628189526,0.166358168344013,0.0562486756116571,0
"23",7,122,34,25,46.0039504478284,4.86012814605501,0.128494669520223,0.0104475905550704,0.0992239992557293,1,0.139447995026906,46.8468,4.96092471920587,0.128938575722122,0.0105132703950139,0.0976873341357744,8.08126403273529,0.844359407777647,11.9823798298836,1359.9233916444,372.469449529365,1,1,50,0.00876768844085746,0.135972732324153,0.0754747340145402,1
"24",8,103,38,24,53.6064527217613,6.1434435313351,0.161067073228286,0.0175006903359317,0.0466388921312728,1,0.125490117073059,55.1736,6.24005114845497,0.162276783239657,0.0169460485823039,0.0453936168494517,6.74651267044464,0.590796009632978,12.1072428862254,1239.15414000638,393.522004433165,0,1,50,0.00926031144685112,0.16492812812794,0.0541821538471616,0
"25",1,104,36,24,48.7811628066296,5.21883921099628,0.141343177201225,0.0122834564907083,0.0745623712182535,1,0.168783422311147,49.6092,5.37550311817502,0.143961937211646,0.012915107072383,0.0714552173104467,7.39218647827298,0.803254305164747,13.3281129598618,1363.2147910366,402.397120809348,1,1,50,0.00957403021748178,0.15941953742411,0.0599558875285572,1
"26",2,114,41,25,54.8071213270304,5.54303897115607,0.161387640052706,0.0148288521509614,0.0546165308849299,1,0.179160249233246,55.496,5.5333743134291,0.166500133270167,0.0152243803703205,0.051925803318479,7.00439559921276,0.746847199946477,14.2041813611984,1223.88551618745,381.108713670438,0,0,50,0.00968537706648931,0.162303887042217,0.0585165647780658,0
"27",3,67,35,23,61.3316911936011,9.76863627944998,0.142379191914598,0.0179941345370776,0.0368869799171452,1,0.0592100779215495,63.9304,10.3030100769949,0.144146124406473,0.0193197157200353,0.0366330187894079,6.98396734762411,0.696200019079758,10.6598948597908,731.754474631849,253.725432605307,0,1,50,0.00643069767393172,0.147464506574906,0.0470655589001201,0
"28",4,89,34,25,45.0398421976853,5.20029849744445,0.187680367276695,0.0226560218749446,0.0388449077732722,1,0.0954911867777506,44.9744,5.04268937437659,0.1991619016352,0.0256906141490828,0.0368939578596249,5.48572719619109,0.810884470038001,10.7483205000559,1098.60310127956,300.623533756478,0,0,50,0.00915223813033663,0.163146735099144,0.0547256172771167,0
"29",5,68,32,24,53.9666923797073,8.3459531705675,0.135394972673746,0.016559860300634,0.0452666828727397,1,0.103807318210602,55.3912,8.73232294098072,0.138040727444416,0.018871785516961,0.0452607820693476,6.83694846391752,0.740441559003261,10.4252560536067,686.305379285809,242.286556984575,0,1,50,0.00820872759446502,0.176080334829167,0.0421380335679258,1
"30",6,91,31,24,46.7157187695933,5.94310231106211,0.124140239606423,0.0118052669208629,0.0763709505548133,1,0.121175158023834,46.3828,5.72920532687309,0.130666258235484,0.0138308892496484,0.0731317950310347,6.99667215820113,0.737373082384372,11.1304574767749,1196.43824051338,351.902787644031,0,1,50,0.00759547974565066,0.135325729460455,0.0660107379752471,1
"31",7,101,36,24,49.7807375660833,5.48991618505948,0.137596529650836,0.0120631562419102,0.0750730855303668,1,0.115946129957835,50.09,5.48820081076264,0.142240352757641,0.0127268817338073,0.0721279495702353,6.92340173348357,0.849214108874123,12.3642768184344,1305.06307533743,381.486520913875,1,1,50,0.00868294157320634,0.147737569352612,0.0633147813291897,1
"32",8,80,37,24,56.2259263027245,8.01541602058704,0.174279522602702,0.0237063188575165,0.0319805046665226,1,0.094662880897522,57.9552,7.87591296053891,0.176956116386461,0.0220528757353607,0.0313740219478498,5.75500166100117,0.74647495539995,11.542150704066,1013.19533336952,292.534772790525,0,1,50,0.00567333298618905,0.176400871365331,0.029017296937294,1
"33",1,57,31,20,56.5691908619597,9.69796376098037,0.117842669219767,0.0142828729062738,0.0532534740516947,1,0.0747716506322225,58.36,10.1039019954775,0.12214891081927,0.0152015850445854,0.0508957806692371,6.84030975091528,0.729269954908741,10.7206177393595,605.798394013522,373.694068129157,0,1,50,0.00581009858287871,0.120987547812983,0.0631716592341628,0
"34",2,96,38,24,61.0835781225926,7.51320280341467,0.115717300609075,0.0102401347280341,0.0769852372449785,1,0.11180538336436,61.4684,7.62308638403156,0.118354115912099,0.0108996653392779,0.0761393015920361,7.21656359480847,0.814184842750113,13.1490300695101,1046.9890143793,367.104779745188,0,1,50,0.00984996250714175,0.122076221583411,0.10519438316397,0
"35",3,91,37,25,50.2991955582759,5.8870593110799,0.189848736834634,0.0232816105475902,0.0350970250800078,1,0.096191676457723,50.3732,5.58476477562302,0.197658873419816,0.0250679468689882,0.0346705339113986,6.65831055272461,0.863023089881246,11.191375207901,969.543854795616,267.239938675909,0,0,50,0.00673237436916679,0.171447500553913,0.0364523954717531,0
"36",4,54,28,22,57.2945222247559,11.0366500886803,0.122265451699016,0.0182165212341466,0.0384083859470213,1,0.0819875558217367,58.5856,11.0909276487787,0.128974598467835,0.0213108732116367,0.03741282175425,5.26776205283434,0.699764450291623,9.30127400159836,643.324867058314,210.675448216951,0,1,50,0.00510394826880656,0.170874655279331,0.027820894714344,1
"37",5,126,42,24,59.21275471274,5.87383911248947,0.128269466739117,0.0094603183190312,0.086081178957689,1,0.168885318438212,59.7536,5.8373381645009,0.129569043813824,0.00994261269204276,0.0856453530166453,7.77425238764372,0.820626040724904,14.5683706402779,1334.16510219836,415.490195940272,0,0,50,0.00952325354679488,0.125731503032148,0.0958776242734731,0
"38",6,80,31,23,42.9034608058183,5.4623943596816,0.16500033813764,0.0192877687247704,0.0464412034418061,1,0.0905890067418416,42.8536,5.08103274910908,0.173748951726566,0.0208179924224702,0.0450390499672678,6.52434066878541,0.80961923715856,9.59014971256256,933.319803052986,321.643309476149,0,1,50,0.00740697139059193,0.179117127098143,0.0367440115635653,1
"39",7,107,40,25,54.3092938142959,5.70774383607445,0.157774844278863,0.014422158397729,0.0550901852715622,1,0.129612195491791,55.7104,5.97287216678612,0.158980834141491,0.0149118456758348,0.053961545967784,7.55036882226033,0.819677108689983,12.874136420091,897.796319006636,346.908639307152,0,1,50,0.00915075234835967,0.162473994344473,0.0551707920109251,0
"40",8,60,31,21,48.7697447217967,8.4349196074992,0.213839361622766,0.0427635292053991,0.0193075021324953,1,0.09449356396993,47.8152,8.61893052213197,0.351862453356632,0.191705687180862,0.0143522899496008,6.13837224167498,0.754385836683196,8.95946733951569,299.435691697813,68.734334491436,0,0,50,0.0052451368921902,0.15377729983069,0.0353014461677116,0
"41",1,108,37,24,50.7876375233438,5.59708282252011,0.152501334303703,0.0150953947235891,0.0581438733847169,1,0.11043142080307,51.3732,5.6785579303259,0.157062586542092,0.0157043024089827,0.0560342868452924,7.72875716558621,0.816954074132839,12.3658441185951,1007.41369359933,345.137192454464,0,1,50,0.00894256181549281,0.179286747956648,0.0442777662372742,1
"42",2,79,33,23,52.4355730986752,7.50295077027065,0.136995259820247,0.0159929448387502,0.0507830590061424,1,0.122171958287557,54.2272,7.80317473688689,0.138746198659243,0.0166351291158601,0.0499852819446928,5.81125679755948,0.712727087742231,10.6683219075203,1275.98783036134,271.833762678429,0,1,50,0.0067301667353604,0.16140933921095,0.0411138963064548,1
"43",3,79,28,23,43.8656940950606,6.17190856484927,0.120968623165859,0.0125828596113731,0.0732237121100522,1,0.144233453273773,43.5272,6.0115651644385,0.12714279730662,0.0138247501863915,0.0715734329595082,5.92610468398843,0.848748699148422,9.61083666086197,1063.47712424546,318.299199704347,0,1,50,0.00805984899285249,0.151482973652892,0.0559009763216002,1
"44",4,104,39,25,49.0881721794534,4.57099785202738,0.199281812557489,0.0198985264555058,0.0397274847913178,1,0.167748816808065,49.7692,4.63064882315744,0.207493676175776,0.0229277795156003,0.0375127619655431,6.67099365910825,0.756378665579907,12.6324105501175,976.270672034101,328.299999781144,1,0,50,0.00857941425871104,0.178362603639252,0.0429210327583611,0
"45",5,67,32,25,55.205665768904,8.96448146157035,0.146333693835239,0.0207336521787516,0.0357954353427663,1,0.127928876876831,57.0084,9.20124962371172,0.154375562638458,0.0261772865414289,0.0336063455846398,5.07562124958438,0.762854690099476,10.5049330353737,951.893128492756,107.19879196512,0,1,50,0.00532582810963504,0.169175074179657,0.0296165540488933,1
"46",6,49,24,23,50.5473289871573,9.73184099617138,0.0953390032124138,0.0129789186398517,0.0660970970333524,1,0.0875382622083028,50.6848,9.95873081711696,0.102470180146501,0.0149313052152779,0.0624384166506399,6.18685436834416,0.782543090554854,8.77169205745061,800.574686115702,245.188848235846,0,1,50,0.00565461139078252,0.148014033730142,0.0410787392981054,1
"47",7,83,29,24,44.1137860886504,5.93301628513456,0.118970881828009,0.0117692781314046,0.0837944674213724,1,0.0938095172246297,43.6604,5.79124228770425,0.125671670462283,0.0135263860558807,0.0799876153097163,7.69320044425938,0.850862165692905,9.60399303436279,1016.55671734823,321.583288745683,0,1,50,0.00764874283107929,0.12688148567453,0.0756159965870408,1
"48",8,60,28,22,39.7445467957236,5.70920759329296,0.186943228189279,0.0247795015058627,0.0323518448551974,1,0.104775114854177,41.3956,6.09218733613925,0.191134173627766,0.0299422053408638,0.0317118805056693,5.94430793679879,0.727608499051345,8.65038894414902,1101.32160861638,216.84460297183,1,0,50,0.00646699218661524,0.171105425544083,0.0351556317345277,0
"49",1,90,33,24,47.4919097318682,5.8600002261498,0.140596943173425,0.0143045902569399,0.0623414550061656,1,0.0844903945922852,48.6728,6.03817223748941,0.1429480894541,0.0160206714320659,0.0607650778467854,5.48052376501406,0.763423859927608,10.794738527139,1104.91105445231,191.16806755202,1,1,50,0.0095737325376831,0.164261415316723,0.0564716270902499,1
"50",2,137,41,24,50.2157203196764,4.17044181544594,0.175216530624746,0.0148959864926384,0.0602611199183561,1,0.158627084891001,50.3044,3.97749529572708,0.180616517198595,0.0149956303960271,0.0584997702196585,7.62756269232703,0.900144973385242,14.6546024123828,1049.41975453824,313.829397777179,0,0,50,0.00910251470515504,0.158073256434873,0.0579781989859731,1
"51",3,106,39,25,50.9004004297274,4.98159806071906,0.169841636102198,0.0154718778851158,0.0518616708177213,1,0.164642985661825,51.97,5.1257398767118,0.172776183113149,0.015808720250377,0.0496230412639003,7.24022863662854,0.661803213291467,12.7672269940376,1464.45076839255,434.583188268128,0,0,50,0.00938494837610051,0.157510754973628,0.0602048658989209,0
"52",4,131,40,25,49.6138165161534,4.38012811386695,0.174862457883093,0.0157291818650751,0.057673634344612,1,0.144524164994558,50,4.31057216770178,0.177000163948078,0.015278980630122,0.0571009456680731,7.36266022173342,0.834740823952267,14.5665614088376,1365.02800928801,379.917981305839,1,0,50,0.00936942249769345,0.165817259000614,0.0542342315568263,1
"53",5,81,33,24,50.6106395923465,6.88787941457001,0.136233694910566,0.0147444462919866,0.0565097157230117,1,0.0927292029062907,51.0344,6.97354061775645,0.141407054275471,0.0159823356449615,0.0548147668710092,6.95497740896938,0.749493362073678,10.8862286289533,851.898551732307,325.729075235657,0,1,50,0.00756868380005471,0.155141221149825,0.0500479257194878,1
"54",6,138,41,25,58.3424717134916,6.16527243967834,0.133371061646599,0.0117005699111639,0.0746135818209025,1,0.188845185438792,58.2704,6.04131466099336,0.138644278401105,0.0125731202068843,0.0717646588793829,8.02313282042701,0.812988677838909,15.498609038194,875.036053168994,307.406695019928,1,0,50,0.00897656984161586,0.130287731434219,0.0841634445341038,0
"55",7,102,36,25,44.6180760538592,4.17568241092856,0.191883148307728,0.0185604814614416,0.0458412740622641,1,0.167784452438354,45.3448,4.23928078341412,0.194115857884827,0.0189533686905651,0.0454040229469613,7.6128659618641,0.855392319125215,12.0715586821238,1136.51254732539,311.364690864141,1,0,50,0.00924830471747555,0.174294750555418,0.0484522163768159,0
"56",8,62,32,22,52.031177349386,8.6844591397546,0.183619192230632,0.0294734362256507,0.0245724774541584,1,0.0895471374193827,54.1356,9.10015042376191,0.191973802936371,0.0622534972517196,0.0242836051512603,6.42791060887052,0.723063638894775,10.0830546379089,657.670869262472,72.4545712865104,0,0,50,0.00839086510590278,0.172617143997923,0.0448186754377328,0
"57",1,62,31,23,52.598004102694,8.33186938986985,0.139328579340458,0.0171291782647456,0.041663810333647,1,0.0745828747749329,52.3988,8.31212338202744,0.150810489686578,0.0225248880194939,0.0390713611207603,6.26078820359188,0.715355135965439,9.33141696850459,955.227180668852,231.396966275633,1,1,50,0.00555660366313532,0.155252163042314,0.0366905509462256,1
"58",2,79,34,25,55.033537126362,7.81268387982439,0.131485505005138,0.014756854500694,0.053767921097613,1,0.0711403091748555,55.8028,7.90549877770971,0.135395909635022,0.0158104212420568,0.0522990838638489,5.44517874069342,0.74505224146299,11.0216287771861,875.005853039082,307.058108455111,0,1,50,0.00541872869012877,0.133632681160234,0.0482938884330159,1
"59",3,112,40,24,56.0186523484388,6.1234506051654,0.142367448780902,0.0131936100463406,0.0655540392743703,1,0.118681355317434,56.5808,5.78550431544854,0.147136196089768,0.0132888939065129,0.0619756880488082,4.10059481769876,0.832726921708426,13.7216917673747,953.243181326355,350.454849528245,0,0,50,0.00809587148716673,0.139803295908496,0.0659248145732527,0
"60",4,104,37,25,55.2851075351891,6.52453807036085,0.132644964565416,0.0125441710496041,0.0652402611363421,1,0.157244126001994,56.0512,6.70069685147135,0.133080228851597,0.0134210156955672,0.0667211644969046,6.88437245674023,0.718706575093448,13.3034790476163,938.241673573909,352.755756815532,0,0,50,0.00723409430356696,0.120867569684051,0.0788106152854883,1
"61",5,89,37,24,54.279331552254,6.55101325055259,0.149660198803257,0.0149512612063033,0.0501851183066203,1,0.121306081612905,52.9136,6.18390097693333,0.164100891692981,0.0184840832436032,0.0462496379844332,6.889993323097,0.906021785294985,12.031447994709,682.553632141112,207.94879189197,1,0,50,0.00685259883874096,0.149099004613236,0.049059820146508,0
"62",6,97,36,24,47.9704753206975,5.25920499344345,0.165123235349425,0.0165994858434277,0.0520489583599185,1,0.131839795907338,49.2908,5.31103739464174,0.166539191334476,0.016844215832517,0.0504365831166557,7.2090819852752,0.690057176938372,11.7799260139465,1004.40035684369,344.113227458417,1,0,50,0.00886823449400254,0.161835547336377,0.0538901581280236,0
"63",7,76,31,24,47.2718861142931,6.42482919957822,0.125431013045435,0.0126352123943357,0.071627241483099,1,0.124630196889242,47.14,6.35759133532778,0.131017609364114,0.0133343770672129,0.069805730833269,6.87563422002573,0.815481315205827,9.92286812067032,959.655537649787,399.50628772548,0,1,50,0.00540140471071936,0.130258864075877,0.0506654935162224,1
"64",8,69,27,25,44.9679287721595,6.73922628489834,0.106650818925876,0.0108148984276814,0.0876539463670493,1,0.0963017265001933,45.764,6.61968519590147,0.109232262480279,0.011387646150357,0.085531433595417,6.85454167600339,0.603266867876878,9.52611045440038,973.914319547849,420.007273584821,1,1,50,0.00606390398112126,0.128626874294132,0.0583322885125971,1
"65",1,69,32,24,56.2644517256848,8.69536750992092,0.122979078561788,0.0143487828389103,0.0521157725572509,1,0.10356308221817,56.5388,8.97912826825539,0.134034516151018,0.0175247264949562,0.046996098479657,3.90560310643829,0.858902120727154,10.1038934747378,809.969301039311,252.994388554238,0,0,50,0.00534799550659955,0.122427958636545,0.0567871337815297,0
"66",2,96,34,25,48.6112486960804,5.88138564218585,0.140221709813704,0.0142207452446608,0.0640486526397777,1,0.148416074117025,48.936,5.78111343159807,0.143569327226826,0.0149832446421113,0.0633148803228244,7.01930456368022,0.856058894973582,11.3695098400116,831.019530949554,297.645014015837,1,0,50,0.00821789886103943,0.131277830642648,0.0758923744492834,0
"67",3,73,31,23,45.6828225648435,5.99406298421209,0.143219375846736,0.0149305715334605,0.0554366739153024,1,0.10051873922348,46.9568,5.86159339009696,0.143442322401215,0.0142673637387707,0.0552411936727438,6.22219619653865,0.778903503247349,9.97605613470077,1435.19269401291,409.952749906309,1,0,50,0.00654709051712416,0.129789286754094,0.0618572751765742,0
"68",4,95,34,25,45.1137512656008,5.05363113038096,0.169060705009492,0.0182325421971094,0.049721394421419,1,0.0924332936604818,45.2028,4.88794731677712,0.17805576121974,0.0191927652644275,0.0467242299993219,6.9674374080719,0.855251789943134,11.5885680874189,959.673336029531,319.02525273929,1,0,50,0.00822335922624916,0.154350012643263,0.0549358761247029,0
"69",5,98,38,24,51.3854565443386,5.79450219406692,0.175219033212887,0.0191924674041675,0.0429706686297198,1,0.130369675159454,52.318,5.7919163079077,0.178768094650957,0.0192967431925252,0.0417274986426632,7.74361533398512,0.795849035693293,12.5848103046417,927.419928074716,289.85118785313,0,0,50,0.00911950112786144,0.175317276092246,0.0472217180974088,0
"70",6,111,38,23,49.6784642158308,5.17041029967104,0.170887788774962,0.0175405292111363,0.0507833821366959,1,0.11289803981781,51.3332,5.29828335242586,0.167555828178171,0.0167697059371644,0.0516284224511299,7.05110909704034,0.794754095792405,13.079548462232,1297.92948224281,396.504424052257,0,1,50,0.00916959234629758,0.169123424794525,0.0510226053408733,0
"71",7,60,27,22,43.5763797199512,7.29511664874914,0.153468877312188,0.0224461835205799,0.0371654431248991,1,0.0786237041155497,44.3464,7.50632699913927,0.161115290658926,0.0293485083161232,0.0369851934629449,6.80834559293181,0.699325864270182,8.43157515923182,507.066740059793,149.121178555494,1,0,50,0.0055868615116924,0.147820140165277,0.0406931039910205,0
"72",8,95,36,23,52.4986700915742,6.27658369922903,0.140410738166471,0.013815240590608,0.0601595532134558,1,0.0816073894500732,53.7944,6.57649060909332,0.140869639048052,0.0141299473028783,0.0598654022131873,7.33071942519617,0.825551922575991,12.3426888902982,880.64710314522,394.730511098212,0,1,50,0.00739551069331355,0.142963517541066,0.0575887763317926,1
"73",1,82,34,24,44.6193012556219,5.35693172169816,0.221112860250147,0.032582917728585,0.0278065855155973,1,0.0901481827100118,46.7156,5.89825672660704,0.215880054799542,0.0331434286598047,0.0286510021167367,6.6531890040875,0.740369877074678,10.6745569904645,737.573666468848,220.430298300489,1,1,50,0.00785814481903799,0.1735337639926,0.041530980667161,1
"74",2,76,28,22,39.9748962679202,5.32424686251446,0.148810601904111,0.0169129845069399,0.0550026205913613,1,0.117322846253713,38.9208,4.87697050396233,0.164661622664513,0.0200651020101594,0.0502766698294849,6.51737347881621,0.864647141983171,9.35970621506373,1214.31012152957,318.310658516242,0,0,50,0.0074644128116779,0.145074415449053,0.0564461236253473,0
"75",3,83,33,23,45.924968672043,5.82260305230064,0.175957065091497,0.0217937959037522,0.0391746843701644,1,0.112599619229635,47.444,5.95128819100982,0.178794842159381,0.0249171163812705,0.0382859045370232,5.98189128276244,0.741356744901521,10.9407920241356,873.436623278102,269.815954850867,1,0,50,0.00891847618855536,0.173103010444902,0.0473697995756328,0
"76",4,95,37,24,47.739177013529,5.10437848415129,0.208068438461422,0.0258541466137649,0.0332958699612261,1,0.135953795909882,49.3424,5.53149176990079,0.208777849315938,0.0268040988861505,0.0327360917411756,6.84281197942088,0.781244066512995,12.4512564937274,835.44040501893,241.039371200905,1,0,50,0.00770170350791886,0.160000104652718,0.0478813507820559,0
"77",5,72,33,25,44.3309831707937,5.86782449695032,0.256621059813009,0.0535625815069297,0.0195283955282035,1,0.112773211797078,46.7044,6.36235903458725,0.269138122156306,0.0821727218778131,0.0190620795779162,3.76550764438459,0.76042134878836,10.317122443517,644.388465226635,88.0835780263484,1,0,50,0.0054400076600723,0.168894818681292,0.0303519773674129,0
"78",6,80,36,24,58.2323741587423,8.57995403889035,0.143792780751678,0.0181936840097249,0.043144370921167,1,0.11370408932368,59.9548,8.9228136594597,0.148205374658373,0.020124754724849,0.0418172105402706,7.37767588808714,0.684066378534735,11.7956219553947,706.808569719629,233.617462479087,0,1,50,0.00710314984899014,0.146195800742134,0.0528933789554012,0
"79",7,118,40,25,52.8660402769888,5.34141906385408,0.158330550407064,0.0148352330662823,0.0595928087778327,1,0.146185596783956,54.0696,5.45782658101147,0.158871141985338,0.0149453496421123,0.0583416802872287,7.96156000607538,0.813702926674889,13.7870625893275,1032.56024719493,323.316168657868,0,0,50,0.009881664669374,0.156007942473516,0.0646184930170212,0
"80",8,73,37,23,64.3159943233495,10.5730355572487,0.163801832056613,0.0251079412291737,0.0273665081810677,1,0.099814236164093,66.586,10.688587482027,0.165550943525524,0.0260601269426574,0.028136451319016,6.29542802031944,0.837527227375457,12.2092253486315,564.934260909201,164.57551643455,0,1,50,0.00665157499723136,0.174476602203213,0.0347752478195514,1
"81",1,87,33,24,53.4634065852844,7.14561148077283,0.117624813886319,0.011498593484737,0.0719818404666242,1,0.127059360345205,54.5456,7.43432769867811,0.119044925849926,0.012111093889359,0.0717181450182127,6.80286993783071,0.7919658028501,11.0066816409429,754.904102403381,240.98897424867,0,1,50,0.00688336265273392,0.12781409737654,0.0670599565976167,1
"82",2,120,40,25,56.8582387557193,6.1049770617005,0.132628551966835,0.0114204237267645,0.0760629072975831,1,0.16113711198171,57.2832,6.25103414893668,0.135319079805422,0.0119983346387517,0.075162171883573,7.4102162557171,0.897545434037697,14.2127563754718,820.671164326862,269.315511128516,0,1,50,0.00961009720340371,0.143997121858411,0.0737632916497458,1
"83",3,107,35,25,51.1042310514705,5.92545297443925,0.122049705585623,0.0105598891420927,0.0886276346100241,1,0.174235951900482,51.4536,5.95882959145838,0.123541733394304,0.0108212723493593,0.0901185994534858,4.49196697961621,0.922128557746046,12.4970737020175,1186.05040873333,345.575431791608,0,1,50,0.00995938869076781,0.13415423754137,0.0880732501168241,0
"84",4,142,40,25,51.6768268610692,4.77172174001109,0.142421830432139,0.0111574859596371,0.0868873671416001,1,0.140377032756805,51.0832,4.63016772279974,0.149836732251702,0.0129472919079961,0.0825987594018807,6.51217529995456,0.849685298133501,15.4532388051351,1000.67043589846,321.417211438597,1,0,50,0.00988618009025231,0.140829634345137,0.0793342180959273,1
"85",5,102,42,24,66.3422010100997,8.3124773906828,0.1441007097029,0.0155924191040917,0.0454656423330069,1,0.17648530403773,66.928,8.27380192652252,0.149142932661172,0.0169829092435217,0.0443000686587976,7.02990732501753,0.757744848703332,13.8845546007156,817.130493509432,257.084137285474,0,1,50,0.00618148637702689,0.174296397417784,0.0323844277182932,1
"86",6,83,33,25,47.6940448559082,6.26425734552489,0.16464308956067,0.0205522312805039,0.0413656047249669,1,0.0741709152857463,48.5432,6.38050296506748,0.169672008699045,0.0232648896232565,0.0405646857304665,5.69210269868085,0.701633738423116,10.3313269058863,707.034442668939,299.638959472314,1,0,50,0.00553533391212113,0.157937975856476,0.0353175704695824,1
"87",7,63,30,22,45.4496827546953,6.83642533576283,0.169556000991886,0.0218895033973156,0.0342768702833412,1,0.0957069357236226,46.23,6.94443590769117,0.177603270000511,0.0251522987875364,0.0336149638128955,5.97217368372356,0.823274480835044,9.34719330072403,1032.41820874959,279.407233851029,1,0,50,0.00519576067454182,0.160459735477343,0.0321171593387992,1
"88",8,107,39,25,51.7585686339389,5.21887329855867,0.165635906538034,0.0154760313830223,0.0523164653817522,1,0.204259026050568,52.7208,5.35259819928539,0.165804802469012,0.0149800991386265,0.0522717157512279,7.91775997328281,0.788817486916794,13.3000620762507,1013.06464222069,398.614842821464,0,1,50,0.00864013451850042,0.178203285927884,0.0433021260682471,1
"89",1,144,39,25,51.9079485824391,4.82551482890844,0.127179300845596,0.00862130287831662,0.109222709662617,1,0.177673697471619,52.0708,4.84032631787831,0.130017323398563,0.0095415522353762,0.106794978874228,7.90446043698362,0.920276663240844,14.7943000952403,994.312868844128,294.342316276568,0,0,50,0.00952510287519544,0.122146094078198,0.101608640065577,1
"90",2,114,40,25,51.1871262090561,4.77214642207799,0.170893068637496,0.0149268883851236,0.0546002046092922,1,0.182564206918081,51.3396,4.72114260693383,0.176270546363242,0.0149956763427285,0.0528986423439091,7.06700055538809,0.909501029017613,13.0654741724332,1109.61013879817,328.696757515694,0,0,50,0.00953425401356071,0.155799452955835,0.0625136695999628,0
"91",3,58,27,21,41.6158828820761,6.61663783396957,0.159693688005942,0.0210064276504657,0.0377558767281912,1,0.0795860449473063,43.5392,7.14137683260211,0.162542174832018,0.0229093798739627,0.0369028637577342,7.10258020621799,0.470572727174563,8.4856481552124,867.348882476672,310.477527544298,1,1,50,0.00595277479034849,0.175577722666785,0.0307327031125862,1
"92",4,71,31,23,53.8538223552107,8.34927935362749,0.126473104268506,0.0152500821459162,0.0499759634702199,1,0.100051927566528,53.042,8.30565045808049,0.169185162485845,0.0656191978693891,0.0379649139259476,2.77535205427406,0.743765882162773,10.269093132019,654.113488844649,35.6643848659939,1,0,50,0.00520456162863411,0.141909721707925,0.0411320154618412,1
"93",5,102,41,25,57.9919600054783,6.52477984378928,0.156553989150778,0.0152659752928854,0.0496734959868367,1,0.138202639420827,58.5376,6.37984852695507,0.16003486125087,0.0161582295674178,0.0487281534089243,7.31904738901361,0.820215056846,13.353651881218,1098.14364813855,383.716064037343,0,0,50,0.00789536732714623,0.157048453171737,0.0509477659800656,0
"94",6,105,39,22,56.2644475478311,6.74330955534094,0.156049417808881,0.017702720364802,0.0473534417518454,1,0.183619300524394,54.9388,6.31320815424928,0.171777473051971,0.0208275892609262,0.0434725015585142,4.91764262310444,0.635291364876509,12.5559541543325,895.828791849114,304.142306023187,1,0,50,0.00812858399003744,0.159871999109164,0.0506162793075364,0
"95",7,92,36,25,51.0972019865972,6.26939017881175,0.159879923562483,0.017802402689909,0.0466791780482058,1,0.0943071921666463,52.1364,5.97622633042466,0.161908862640511,0.0168197977623344,0.0461178563264304,6.03776185306185,0.835968395494589,11.9163962006569,1048.49008619562,333.920635044661,0,0,50,0.00839687970816158,0.158475216454826,0.0532127074155772,0
"96",8,61,26,21,40.99937567716,6.47676580887761,0.141295385681538,0.0180637481940648,0.0479230132195064,1,0.0823908726374308,41.7568,6.52210617113544,0.146824718290184,0.0196355540656446,0.0471657971219144,6.07070218669608,0.685170266610341,8.65075097084045,857.055543985658,288.006386775106,1,0,50,0.00501394683262333,0.12167988980189,0.053896708153237,0
"97",1,116,41,24,57.0973519304224,5.83569743935898,0.140452365304748,0.0115469522062633,0.0692597728683471,1,0.0845025221506755,58.4824,6.11730813540804,0.138733360576615,0.0110915678252198,0.0706723551988656,6.88059516651191,0.826880308544784,13.7679590702057,1086.90405630737,422.904214197162,0,1,50,0.00841144879348576,0.13428970569279,0.0742344496192858,1
"98",2,122,35,25,44.4591902374875,4.36347577209242,0.153114864328763,0.0137955980075277,0.0753324893817512,1,0.190456597010295,44.6588,4.23196719960723,0.157563869465401,0.013605880440172,0.0738258976903963,7.87125457841605,0.826603634818176,12.5134886145592,1185.48363903437,383.184810374479,1,1,50,0.00976307055680081,0.164983719745651,0.0570853117965135,1
"99",3,78,34,23,52.803267189553,7.42479326898724,0.149566127310698,0.0182079026047022,0.0433086451517019,1,0.109041627248128,52.9772,7.58475388899486,0.15807354858205,0.02088111919072,0.04156670426913,6.90781241393339,0.725008954978716,10.7961331208547,869.587886150237,265.200538843118,0,0,50,0.00644733109744266,0.142453853795305,0.0505651965737495,0
"100",4,82,33,23,44.1799911013796,5.16983223799216,0.184023385458851,0.021095093723326,0.0394078138165331,1,0.119394505023956,44.9848,5.09255757130411,0.185164620654222,0.0214450056255399,0.0396703572002126,5.89747411217208,0.85273328513819,10.3794772267342,1124.94505961646,275.256216749995,1,0,50,0.00737562402733602,0.1757157786889,0.0380187102032613,0
"101",5,120,34,25,45.6543257445698,4.9263438722127,0.136862647390473,0.0124007651098575,0.0844574740855615,1,0.136221694946289,44.8412,4.62390903607646,0.146093817293867,0.0146129467897697,0.0802459877881566,8.18046518146395,0.870244834874876,12.6758928179741,768.105392599114,256.718397203247,0,0,50,0.00748013841104694,0.126472386843525,0.0744283405356537,1
"102",6,76,33,23,56.4701197811072,8.19047930241851,0.119673201922251,0.0130638728569563,0.059605048734482,1,0.0996430993080139,57.3204,8.21973049605467,0.122854554672393,0.0138945798442546,0.0586011017482994,6.93325641008951,0.792220653271159,10.6307767033577,1077.7496054682,321.041102633705,0,1,50,0.0064447161660064,0.135058116246946,0.0562318731772626,1
"103",7,90,32,25,46.9704866144383,5.67877056971268,0.122716000881075,0.010726901037783,0.085729808273006,1,0.0699774821599324,47.6924,5.68833236458947,0.125432107354527,0.0109528719853067,0.0827099878177714,5.93571301707129,0.747060223478908,10.8000642895699,1377.81171943256,510.165803660937,1,1,50,0.00928506264346652,0.12833937138319,0.0897191507969746,0
"104",8,58,27,23,43.2612306928554,7.51790232546454,0.1620914268864,0.0262099125120887,0.0333224469246843,1,0.0855545242627462,44.726,7.59613088893239,0.167661803193324,0.0276740482988869,0.0328027896155632,5.79967441223553,0.790448794971328,8.8949021935463,723.997048319946,224.092289303793,1,0,50,0.00553411067929119,0.143684539049864,0.0426626564643063,0
"105",1,97,33,25,49.792592420928,6.30415507668208,0.129882890116278,0.0131529680004365,0.0671330289096955,1,0.128568454583486,50.5364,6.55501810408926,0.133328414128264,0.0144968520401237,0.0651490471771334,6.65961574517744,0.800983797279499,11.3231116255124,773.722953108761,268.016180285314,0,1,50,0.00947604969725944,0.145969449863769,0.0707821123085157,0
"106",2,101,39,23,53.4302699894607,6.02189285154836,0.171277661749309,0.0183924523417077,0.0436787108485033,1,0.0967273712158203,54.3824,6.01852633987104,0.173437704728958,0.0189400737111318,0.043203846338175,7.57470641684666,0.804753846199207,12.4896798292796,976.444879068351,309.23827519154,0,0,50,0.00849515865324065,0.145936061139219,0.0634843072738359,0
"107",3,126,40,25,49.3014845727844,4.35467728174259,0.1810836974455,0.0166755978020598,0.0540104782641133,1,0.163172324498494,50.0468,4.41601746419754,0.183465870016916,0.0166202616978502,0.0527174490383151,6.98419367565643,0.835089193896482,13.9183876633644,1306.57730990147,398.836015415492,1,0,50,0.00977908718166873,0.171390719613992,0.0529838905710901,1
"108",4,108,42,25,55.4446639196506,5.63434493440971,0.185775837898402,0.0189600952372187,0.0402020929841098,1,0.145310648282369,57.1928,5.74386846733001,0.188687428863555,0.0194947643206324,0.0381511045930693,5.48665400863077,0.709049683475034,13.7588653326035,994.471305890565,340.528480664639,0,0,50,0.00780751807498746,0.172884927699342,0.0415737178874543,0
"109",5,117,39,25,49.6169751058435,4.5947412905644,0.162309746703545,0.0135808818090476,0.0638113921553135,1,0.183940394719442,49.8312,4.57618652955289,0.165564117685549,0.014196141867946,0.062838018609453,5.85430767785708,0.842056093733159,13.3479857524236,868.343755046823,372.609603215199,1,1,50,0.00905328913009725,0.165824225968681,0.0523999128284821,1
"110",6,113,37,25,44.9715679788028,3.97760671267542,0.186572461610425,0.0171975522168443,0.0528604852753106,1,0.137001204490662,45.7136,4.06179446916309,0.188850926627648,0.0182359702503991,0.0514501702740465,7.80449902572999,0.850761533311903,12.1036542693774,1084.94869791363,310.952610715212,1,0,50,0.00933899419149384,0.153651990615763,0.0629569753221584,0
"111",7,87,33,25,45.5220128864295,5.54705153816332,0.163675635488924,0.0183650631909043,0.0478333055040214,1,0.105682893594106,46.3812,5.42634911020903,0.165554009652949,0.018381700502628,0.0477143331068549,6.3515027674008,0.773043714692669,10.9753414551417,1395.87096118118,315.487688579418,1,0,50,0.00640218308311887,0.150915165762417,0.0447386063189829,1
"112",8,79,31,25,42.8678832109003,5.23555177276187,0.162521011865465,0.0176629067944431,0.0483300584295063,1,0.109223886330922,43.0308,5.11940765068358,0.172294481049321,0.0208264985345912,0.0453487065536003,7.05147919652306,0.765223890498047,10.2735345164935,1225.63294579069,355.930958547144,1,0,50,0.00841627214336768,0.153362781037577,0.0569508160036373,0
"113",1,143,42,24,53.4409526255105,4.74460031093983,0.141664484644789,0.0107456872692961,0.0938344315791279,1,0.159783975283305,52.5316,4.37847803099972,0.148961731655158,0.0112362963598432,0.0921370692888446,8.17304249732868,0.870767056891901,15.3413662473361,1148.72564955252,446.364474013949,1,0,50,0.00994936237460934,0.126042956295423,0.0996731581018407,0
"114",2,72,28,22,38.4738782369616,5.07618052330967,0.163074555617126,0.0194464599349339,0.0488383909926281,1,0.11720939874649,39.3992,5.18051874524047,0.166940269391354,0.0200589221512419,0.0476162931779553,7.46147922537572,0.834978240896665,8.7301074941953,885.782081562371,278.863885562573,1,0,50,0.00613688402110711,0.157523524635471,0.0393620044409673,1
"115",3,63,28,22,48.1197160150173,7.70415189626316,0.120427538094757,0.0142199273559536,0.0580323843804479,1,0.0714259187380473,48.8304,7.60815282678879,0.123280527481059,0.0144684668558891,0.0579134814467649,7.20443045716032,0.79424208966763,9.17040453354518,988.312980156584,382.640158261654,1,1,50,0.00627262997557409,0.133943883888423,0.0556447281800246,1
"116",4,96,33,23,50.9261682089439,6.22606343444773,0.103104724646607,0.00824096352955698,0.123910882305596,1,0.0990673263867696,51.1768,6.18061661719181,0.105162062842481,0.00888175725546943,0.125542744572509,7.61840849018274,0.792221690447347,11.8440187096596,1284.82896323747,401.031578693497,0,1,50,0.00883880650973879,0.135020732930861,0.077163663104951,0
"117",5,100,37,25,47.7711878601887,4.92328898821872,0.188138161903848,0.0202459013453432,0.0418281424612287,1,0.175393128395081,48.7784,5.0032095980993,0.191846189901907,0.0215909254415546,0.0407020418715133,7.67222625845006,0.710945388923501,12.0357526620229,1188.58618017527,364.3619189185,1,0,50,0.00809923492604867,0.161198817584664,0.0496067099222734,0
"118",6,82,34,24,46.5767740548293,5.68425271807613,0.180104735120724,0.0206242330387328,0.0387731695779075,1,0.119217360019684,46.768,5.4749398157783,0.184445824639583,0.021546792957448,0.039174521801741,6.75408095117797,0.883733656626168,10.3292025168737,1044.60781901768,278.034961504203,1,0,50,0.00627059404621832,0.158961600400507,0.0394952042699911,1
"119",7,43,21,21,40.6928959329176,8.39812206429984,0.112538561878864,0.0167907584689572,0.0522981640578653,1,0.0583790262540181,41.8944,8.33670491858503,0.11440696618812,0.0162939677191519,0.0539135404357359,7.18060689116229,0.728270297426349,7.21655388275782,970.612878159158,358.192213497594,1,1,50,0.00560832005226985,0.132882085712627,0.050549870696624,0
"120",8,101,29,24,40.0149498882277,4.55176965307759,0.126864582363578,0.010377576809639,0.0959617892528903,1,0.160048357645671,40.5568,4.54081725777942,0.127971175642037,0.0104638051058098,0.0952064832035373,7.79354629902704,0.83381655613295,10.8459768335025,1824.47452140905,477.368265453464,1,0,50,0.00789637394715101,0.123963108225726,0.0817829786968828,1
"121",1,107,35,25,44.4592610364491,4.52089381529523,0.173891971950409,0.0179752813050395,0.0536045363581115,1,0.105569926897685,45.3208,4.43451838888244,0.175867262910985,0.0184936294563996,0.0524483445047031,7.18033921921909,0.862157413852611,11.5139576633771,742.725976402779,253.084655334954,1,0,50,0.00904542531003244,0.158431460978463,0.0573543377389641,0
"122",2,75,39,25,67.10977273554,10.2314302469298,0.154005087576119,0.0195694385024164,0.0320310817234752,1,0.128856432437897,68.8364,10.3845255254227,0.158596740358152,0.0244312607447919,0.0316841516074978,7.28890637315539,0.641634124967572,11.9557286262512,638.665809482579,162.942985503884,0,0,50,0.00534562401473522,0.134760325723328,0.0468483648096524,0
"123",3,91,36,24,54.6437068987951,6.81974562358134,0.131847064901682,0.0127686950802493,0.063379739607214,1,0.159411728382111,55.5152,6.93387340525915,0.134358820992878,0.0125580611919643,0.0624477525661065,7.65552515613709,0.816590584623739,11.8975991805394,1019.19198761902,405.734388196359,0,1,50,0.00805531674879603,0.150786054781638,0.0563871828312661,1
"124",4,68,33,23,58.258654861988,9.11419576047654,0.127851558661711,0.0150987412613676,0.0469032748804226,1,0.10032305320104,60.1168,9.4721827821608,0.132148553517512,0.0165529252941296,0.0447968423160106,4.32841294358343,0.63432901624951,10.8689246614774,898.278567467712,263.276048185458,0,0,50,0.00566108467755839,0.126162425600924,0.0566056422615856,0
"125",5,68,33,23,52.3678881662592,7.91114917783298,0.160975471075258,0.0207536292312267,0.0346027033955615,1,0.118595159053802,52.6,7.86750017627006,0.170601830337461,0.024068746258094,0.0333164204056061,6.57034889403578,0.76393209416986,10.1548829356829,689.252771282346,243.03998165862,0,1,50,0.00708428040263243,0.178034712611698,0.0355718537915552,0
"126",6,91,34,25,50.0148958998578,6.39920434249489,0.136553360330843,0.0144974028312759,0.0631585275110938,1,0.073177981376648,50.8296,6.44033811395091,0.13882315925118,0.0154078443895395,0.0624883759645551,7.54446730439866,0.771756681396574,11.3028830091159,900.46161559615,285.656084781043,0,1,50,0.00770808500354178,0.145888230381534,0.0576402843091067,1
"127",7,61,27,21,43.8228487996601,7.07673382336297,0.142117218375016,0.0189254895192667,0.044027905726683,1,0.0738639950752258,45.8868,7.63945876958027,0.142069870232533,0.0196974501965581,0.0449657677470634,6.05973611001106,0.755939144900512,8.65352979898453,775.074765851416,315.540647030451,1,1,50,0.00577069845166989,0.141513054971583,0.0458622649856728,1
"128",8,99,35,25,52.688244714768,6.30689425126426,0.123473961976243,0.0108090120180469,0.0777897519476069,1,0.157343784968058,53.804,6.54684110479096,0.124591179549712,0.0108431259999869,0.0768483144050718,7.58478472409304,0.816170843276551,12.491011941433,1211.25799668029,408.456048636583,0,0,50,0.00538505518226884,0.123048754683696,0.0566051367708814,1
"129",1,81,32,24,44.3351813985423,5.51302968766602,0.16950138806259,0.0203844083493663,0.0433595792202339,1,0.136486772696177,45.0092,5.56286738628767,0.175452381900002,0.0231286884939211,0.0419302699921124,6.78206497442792,0.78413412492427,11.4799922386805,922.837738679481,249.743198816124,1,0,50,0.00770177011960186,0.167022860222496,0.0439398783515882,0
"130",2,68,29,24,40.3261933790154,5.50377226558406,0.191089369092842,0.0267540067259214,0.0325144801372214,1,0.105604759852091,40.7232,5.70897702986192,0.204959242988126,0.0330206192208908,0.0305671709216728,7.17390852018518,0.750223169695654,9.9051636894544,982.612073740576,251.61105911548,1,0,50,0.00679436422185972,0.16030045365449,0.0420822985344837,0
"131",3,91,39,24,55.9036059527364,6.74676511151813,0.160566192613145,0.0165117835129559,0.0449387578069873,1,0.170235113302867,56.9172,6.87276058765603,0.164046963357175,0.017278887638677,0.043799468456012,6.51897174448866,0.790750858470811,13.3025174379349,812.364054586149,299.912473250443,0,0,50,0.00917812678380869,0.158792555420659,0.0579313846143633,0
"132",4,87,32,25,47.4835674652305,6.28903758529887,0.141706752264941,0.0160484131553215,0.0558835740095752,1,0.142021850744883,47.2968,5.80687503559975,0.148606407970107,0.017001620291237,0.0546301422290899,7.12055652195615,0.811935405404726,11.8554799516996,885.507899461868,307.410632835526,0,1,50,0.00719589776243083,0.165410317168571,0.0418581400979626,1
"133",5,93,32,25,44.2694947717363,5.15987790615635,0.139908824603643,0.0133922181403227,0.0715404142409928,1,0.141017484664917,44.484,5.07496266965969,0.145523288854908,0.0143414787099359,0.068516067744375,7.98358519269111,0.843552114413963,12.1390265782674,984.740110879801,268.797475484857,1,0,50,0.00855044322321191,0.135381009439006,0.0742494537943953,0
"134",6,84,34,25,47.4271245119339,5.76011156166143,0.168290423911844,0.0186967286323424,0.0432697707773033,1,0.104430611928304,47.718,5.7533048073679,0.178260053737484,0.0261701952866624,0.0409952804031001,6.9731475583396,0.826801797429813,12.1085660417875,909.926797870605,171.752145145623,1,0,50,0.0077297498844564,0.168236768469214,0.0434654057011978,0
"135",7,71,34,21,47.4768413098185,6.20919783820464,0.228265837227352,0.0361500605228435,0.0221646547271705,1,0.123823932806651,48.8272,6.55775432726224,0.251056568174176,0.0935343811853702,0.0211495376281059,6.34941264621671,0.754946471779045,11.2182172139486,619.770378595689,61.0223628013619,1,0,50,0.00626053914660588,0.176135498536751,0.0321172299547231,0
"136",8,80,37,24,59.273264630491,8.23561014163818,0.145778200853613,0.0164649375055392,0.0427173936145041,1,0.11257069905599,59.6444,8.33341028215774,0.15061181594885,0.0183450483609103,0.0422643087474413,7.2956691669369,0.812046617524975,13.2436694184939,853.386085144844,216.727626986468,0,1,50,0.00643780990503728,0.148491368279792,0.0464682013156309,0
"137",1,114,39,25,49.1544127134355,4.58911185422921,0.177036644767376,0.0162273296345614,0.0526693197024455,1,0.191924897829692,50.8948,4.91575007496514,0.176254430689023,0.0162236133739149,0.0505087506998856,5.90811668285493,0.741779829412665,14.8667850017548,1064.10239235727,499.224420858561,0,1,50,0.00994455159758218,0.16755608133506,0.0563747913259723,0
"138",2,100,38,24,50.497865451671,5.5406917697718,0.191738861386418,0.0232190596739436,0.0366288874743664,1,0.149777777989705,50.202,6.29954519849514,0.264843464270042,0.110584053572194,0.0273373767686118,5.05637275518384,0.811796857916199,13.5447764754295,136.590911730507,24.5460725589509,1,0,50,0.00723925288068131,0.169738022284582,0.0399903867221887,0
"139",3,77,34,23,50.1789233005214,6.6247375826248,0.164369360777261,0.0190239833770997,0.0393136869198574,1,0.135920405387878,51.0896,6.56716246861273,0.169798518005731,0.0215458209134183,0.0381587257498473,6.31332913607665,0.785335122790399,12.0342014948527,907.198312555568,263.531399271807,0,1,50,0.00726453968440183,0.17003603445366,0.0399895296831718,0
"140",4,44,25,20,59.1447338400081,14.0248403766329,0.127563982719856,0.0254878345929152,0.0269690240205636,1,0.103526333967845,61.5932,15.1888905031897,0.135704639257927,0.0332979388772262,0.0271629051419479,5.68870692050996,0.711323948088781,10.5584034840266,422.181168128282,83.8533928747309,0,1,50,0.00595959900063463,0.155722175482661,0.0391143615395066,1
"141",5,96,37,25,49.8842795405952,5.54698889699746,0.177031680294682,0.0189324120475469,0.0422974360237039,1,0.174614155292511,51.4824,5.91260296227607,0.179265355091033,0.0196801217774009,0.0404575959920195,4.0632858885061,0.78081976738036,13.3701213637988,1241.58487355483,289.836968163241,0,1,50,0.00857703191111796,0.178381520546973,0.0429000140438442,0
"142",6,91,34,24,60.3838990374761,7.97626066831395,0.0967714196603158,0.0080505512429677,0.0965197405155189,1,0.144880227247874,61.9324,7.85873616643627,0.0969290203843589,0.00841302172500571,0.097200316975421,6.91077931882854,0.786623807422237,13.7516403794289,1225.9240520593,388.09456504429,0,1,50,0.00652913338388316,0.121101365550421,0.0708561566670545,0
"143",7,79,34,24,48.8124934502826,6.20469484248132,0.158840149089562,0.0168651704496969,0.0459451123290757,1,0.121978084246318,49.996,6.35925782336474,0.160073268243649,0.0169618086790329,0.0460774349979598,6.83030629029212,0.816188405151953,12.6532345970472,1041.76170760286,356.03903406525,1,0,50,0.00839700793498196,0.151248705675825,0.0584199742984923,1
"144",8,76,34,24,52.1605022797848,7.79501064999275,0.171631036469008,0.0246989550549891,0.0323651145766492,1,0.0917673985163371,52.5348,7.61466888530901,0.181623331057007,0.0275595683934879,0.0312771353299569,6.34921416698623,0.744113533556632,12.7365210175514,811.367916769219,237.880667610715,0,0,50,0.00595602125977166,0.162722307974473,0.0357999302115916,0
"145",1,99,34,25,50.0834132652141,6.1459481461855,0.131597821773856,0.0129581991948916,0.0695393052328722,1,0.139480666319529,50.0448,5.89602393136932,0.137197156587386,0.0134661707522503,0.0668168111133439,7.27064007335467,0.842996951566468,13.4878864049911,1092.88540678198,370.278378784622,1,0,50,0.00921282240189612,0.128601574692875,0.0886584752418857,0
"146",2,72,33,23,50.3318447653024,7.47366507756682,0.17531340850291,0.0251428601448847,0.031289337348598,1,0.0970461924870809,51.2156,7.64552799218679,0.183034058653391,0.0264246844512186,0.0302201571792159,6.53802834228722,0.764007279398664,11.6400325814883,820.376376521405,263.530099650751,0,0,50,0.00595120684010908,0.16669515803922,0.0340862485305811,0
"147",3,117,39,24,49.1641840209357,4.52177803582308,0.162450117960035,0.0136037703724556,0.0658875632608465,1,0.187050370375315,50.5092,4.91735574419891,0.163086049813194,0.0135939988649899,0.0634415383100957,8.08278711215092,0.806604588405466,14.916030160586,1185.63965506262,422.482067702888,1,0,50,0.00776381550123915,0.141457417882048,0.0617509843961582,1
"148",4,93,34,24,48.1200942817439,5.6228249975133,0.133312016335423,0.0120972400607483,0.0760297333100898,1,0.141280682881673,48.872,5.79256743896987,0.134036453501038,0.0125401923020673,0.0760187794199987,6.63284358240826,0.791772387373792,12.8103990157445,859.354868348455,354.599479510113,1,1,50,0.00621073257760145,0.141745817977935,0.0491974340758015,1
"149",5,117,35,24,47.6888463354432,4.96619371203613,0.135543951660758,0.0111528008205771,0.0824522489080946,1,0.179568187395732,48.452,5.02412108901516,0.137789186066802,0.0122254837346261,0.0807501782443564,8.36971372733494,0.82066289439888,14.2710350751877,1275.16753160212,385.173232420437,1,1,50,0.00842118297936395,0.140698406375013,0.0677040858913118,1
"150",6,97,35,24,49.8176311042374,5.96319736401568,0.151206895380018,0.0159240827088735,0.0532612320064567,1,0.159780486424764,49.538,5.83778964293559,0.159701438404065,0.0186590104263922,0.050923521058612,7.56542884254646,0.820361711804451,13.2112739801407,712.754071008551,306.851659342984,0,0,50,0.00621546201757155,0.149372113700956,0.0443357944922259,1
"151",7,93,37,25,52.0530481604924,6.0441436372475,0.159417574926671,0.0164691439237069,0.048218810681904,1,0.157134628295898,52.4308,6.04058000548963,0.165854141808559,0.017982036100455,0.0462058213913913,6.70643745786378,0.84379201095954,13.7200985948245,831.392355474316,260.242705989698,0,0,50,0.00667781079886481,0.152376069235615,0.045774194380332,1
"152",8,107,38,24,56.2925898860258,6.37964191059657,0.126635481413536,0.0108104626135868,0.0760789948172355,1,0.145755704243978,56.894,6.48052180500506,0.130214202334135,0.0111759381772432,0.0735379166377975,6.56929124003431,0.833181681646072,15.669803237915,1267.18157059755,385.111635411192,0,1,50,0.00803493105922826,0.135403290409595,0.0697499418830054,1
"153",1,62,30,21,44.3475139755269,6.77619344623132,0.203782335508187,0.0335225134163944,0.0243552057699208,1,0.0909798542658488,46.7876,7.65450996793,0.202923734835511,0.0355556594228706,0.0251462113348282,6.52502007369542,0.661848729960273,8.55253572463989,714.00319700054,235.960551426689,1,1,50,0.00564431285019964,0.146516991835088,0.041846122515463,1
"154",2,85,35,24,57.3995760149719,7.64451355800367,0.118878133911786,0.011584853972868,0.0676604758957024,1,0.0802923083305359,56.9696,7.83282944579101,0.126067158712629,0.0134143772734992,0.0642416656044963,6.18007292133154,0.739005431015925,10.8195866823196,940.101786455205,398.149387993366,1,1,50,0.00835075616836548,0.158536612065509,0.0528794328478284,1
"155",3,96,34,25,54.2224893517354,6.73166263140282,0.106818575442139,0.00874804287332,0.0994158663042626,1,0.0889647444089254,54.4744,6.67184757469953,0.10998622338351,0.00919565858839561,0.0967578187891421,6.62711369655048,0.86654014679934,11.1390646855036,1363.51874221023,399.257246257343,0,1,50,0.00664894930552691,0.124576782798395,0.0681865836178286,1
"156",4,57,29,20,50.9644715396417,8.82004015309762,0.139643346734495,0.0188197144469435,0.0383574946333144,1,0.0561789552370707,51.1764,8.99440063245433,0.151629837981329,0.0239044541297327,0.0358923676467952,5.96937251528131,0.774346519256428,8.55050852696101,842.388657021793,238.60831512063,0,0,50,0.00601863595773466,0.133623144747689,0.0536481598674164,0
"157",5,57,23,23,33.385104472747,5.32893818064451,0.1463403089513,0.0194327937222857,0.0547388538213201,1,0.0740974307060242,34.6208,5.42925391552391,0.147761460785036,0.0194295052647446,0.0546299051352925,6.97880177085832,0.788475149136481,7.05250322818756,913.468907826418,284.277447342886,1,0,50,0.00684142282349057,0.133121834644116,0.0614423722520853,0
"158",6,115,36,25,46.5772701992058,4.6679724586134,0.16335486785686,0.0157034423946242,0.0590558188973789,1,0.118787793318431,47.4776,4.65606806521674,0.165540737886024,0.0154830515535821,0.0570979403924948,5.68152297912099,0.790400620151497,11.8571728587151,1371.48902969637,418.965494709836,1,0,50,0.00891151779331267,0.163893376621418,0.0528018336341248,1
"159",7,77,33,24,53.0688671362788,7.50797353033614,0.129614530641662,0.0140959632750659,0.056712405336608,1,0.0807286381721497,53.9108,7.47253496957683,0.133569288480022,0.0143846162430784,0.054715859819936,6.40138643186806,0.471173571611739,10.0671815911929,1115.24645578138,430.377594849633,0,0,50,0.00599241946125403,0.121595930973999,0.0645036444748917,0
"160",8,66,30,24,45.6815272799066,6.80415115135045,0.152559782989792,0.0186895793869016,0.043375407316249,1,0.0787766774495443,47.6552,7.38054889292011,0.153616406585338,0.0206157453631144,0.043145652484429,6.59887572170122,0.77830868780666,8.79812678496043,692.38328430109,269.472527383322,1,0,50,0.00609538990887813,0.13208038166631,0.0556089881647431,0
"161",1,88,37,25,55.9567549063245,6.70861695949582,0.124678173265778,0.0108676471843796,0.074642298869264,1,0.103587460517883,55.3736,6.48577282516555,0.133144499342829,0.0125976538100398,0.0690830143414503,7.0812797532221,0.860083833523303,11.1062137087186,1119.16801785596,383.273520318753,1,1,50,0.0070274283667095,0.142321055559441,0.0552176915899928,1
"162",2,124,33,25,40.0942463971036,3.75859926299993,0.166932120915861,0.0161561699394046,0.0709246933094199,1,0.12403115828832,40.5516,3.77955704555233,0.169807952115595,0.0164133519541367,0.0691403870191284,7.4808887263567,0.80791103471617,11.4516231536865,1008.93507204752,348.731458853958,1,0,50,0.00922416977467947,0.145403575818054,0.0694380066990868,1
"163",3,143,41,25,54.8275618262698,5.29306210288127,0.134507832297231,0.0105557396181983,0.0902612641131793,1,0.126974928379059,54.7572,5.28755439239929,0.138494444954315,0.0112409030486078,0.0884724359055309,6.80571789024665,0.772448041358697,14.6589740276337,1017.34037813392,344.431833650715,1,1,50,0.00875388297135942,0.153683319878764,0.0589885065153656,1
"164",4,91,35,24,47.1938927922625,5.62635984832314,0.186311381435269,0.0232546902517627,0.0375002031178204,1,0.109402271111806,48.3812,5.71497602272977,0.18917801212274,0.0243647380697253,0.0369092167815135,5.88203983726372,0.85411468947909,10.4055654446284,829.008548051675,212.904659060834,1,0,50,0.00588496879674494,0.14756060834974,0.0430153461481095,0
"165",5,55,27,23,41.0588157309366,6.83207554356889,0.193571193177065,0.0325299764290637,0.0254198801386602,1,0.0711468617121379,43.5188,7.18709317341255,0.195626089707184,0.0372035640002191,0.0251920056033648,5.33244690795257,0.680978515338573,7.75361702839534,1117.28055821829,286.623835703186,1,0,50,0.0050366840173956,0.171006122762337,0.0274120500912695,0
"166",6,63,32,25,56.8429195463354,8.88958341196269,0.11731003174853,0.0128033564113649,0.0573271850002426,1,0.069291889667511,58.0056,9.15365961972443,0.120043869697905,0.013766772582829,0.057512919007907,7.13092324017542,0.826366048955803,9.87904958327611,873.952686237325,303.671534485533,0,1,50,0.00536388785694726,0.13547850579489,0.0465113585339969,0
"167",7,124,39,25,51.9666625720856,5.16295083661233,0.14466608812508,0.0123043531153854,0.0740560525210193,1,0.127526350816091,52.0592,5.09160732441716,0.149094941753467,0.0132704260395998,0.0722240437221831,7.31890813035731,0.800361139592478,13.1780171672503,880.32197461218,351.69807068128,0,0,50,0.00946337891160511,0.133068654849194,0.0850579335790423,0
"168",8,96,41,24,61.0028802934184,7.42695619346494,0.155180638351517,0.0163356090838431,0.0441789786588236,1,0.101191484928131,62.3284,7.57761978253247,0.15656359454099,0.0178339378861568,0.044415084798829,6.95889836330189,0.864417317789967,12.3914945244789,796.461290751363,192.946361578765,0,1,50,0.00961554840090685,0.166982508469373,0.0548848179660776,1
"169",1,108,36,25,47.5889384546972,4.8919292246178,0.143887037599027,0.0121302353856246,0.0773689135003147,1,0.152688093980153,48.5784,5.01847860322194,0.145367131921922,0.0127442615834583,0.0747337691624088,7.2534315539335,0.713947283435115,11.7115503549576,1333.3412846493,438.971635817205,1,1,50,0.00965796259581111,0.15438280262053,0.0644922916486065,1
"170",2,49,29,20,64.1746224724331,12.851437122108,0.105405763026115,0.0144922434216523,0.0468246074390922,1,0.0493297696113586,67.4876,14.348274998695,0.107882259857703,0.015620217089423,0.0469896069347844,6.42189018247133,0.754915234110311,9.28083103497823,509.975100675171,250.170950481009,0,1,50,0.0053318074287381,0.12867959744297,0.0512477968633073,1
"171",3,98,35,25,48.5311437925825,5.37497220059827,0.141089075347869,0.0127472063608061,0.0693704342121839,1,0.140773177146912,48.0064,5.09673912809906,0.147704127711825,0.0134932913323923,0.0675756644265465,7.38443202277982,0.862191374244942,10.8773107528687,1246.36841281729,346.550233628388,0,0,50,0.00749622622854076,0.144149664156139,0.0574163454897699,1
"172",4,51,27,22,51.3078231732352,9.66827100189123,0.128990820210103,0.0181575256207097,0.0392384091879385,1,0.0645848155021667,53.0576,10.1531629026019,0.135376881085078,0.0213647089423423,0.0380844526286558,5.76241016820427,0.77334313013505,8.29653848409653,673.861474598389,268.325360667604,0,0,50,0.00500129737774842,0.124373136567883,0.0514576129819738,0
"173",5,82,34,25,51.3960447091874,6.6016709728231,0.132863786447149,0.0128967329873018,0.0628209821038649,1,0.115400111675262,52.7512,6.86085469098686,0.13449317566276,0.013795908492056,0.0616697036775954,6.72521878539122,0.702519092662812,10.7965129772822,1135.01950558024,342.084009352771,0,0,50,0.00958181857597083,0.126724566961639,0.0949612545526859,0
"174",6,155,42,25,51.0414975885384,4.01836342661347,0.167371529290762,0.0131658059369856,0.0703420108819657,1,0.143624262015025,50.52,3.80244440240398,0.176350959587909,0.0146154667953841,0.0673874076981556,7.14259926405958,0.824478590143488,15.1571741660436,1239.67521728728,419.397931587579,1,0,50,0.00978694347664714,0.162275869050063,0.0591506231819969,1
"175",7,82,34,24,46.5765651215556,5.75896195044432,0.194225159360021,0.0255292347627355,0.0326479350895792,1,0.103248544534047,47.0724,5.70566210636669,0.20918211158714,0.0343830556249845,0.030121481860742,5.24107164319144,0.757750284168517,9.85569228331248,1059.37487064323,203.68204590533,1,0,50,0.00675946710398421,0.17644715404138,0.0345543935017084,0
"176",8,103,33,23,45.7371950716829,5.13625644029928,0.133233422307215,0.0118946005952994,0.0816796244088406,1,0.116735649108887,45.9768,5.14171534166001,0.135696071169122,0.0126207780657299,0.0818374308640355,6.41802332736178,0.889134905042776,10.926499414444,1216.45318794448,296.695698593327,1,0,50,0.00709912176942453,0.123205675031058,0.074432624442689,0
"177",1,119,38,25,49.2544758897415,4.7804790566495,0.14999239814398,0.0127805506727319,0.0739407816583835,1,0.165681842962901,49.9156,4.76293510981875,0.152711307360655,0.0132267110539051,0.0721915713660942,7.36436250708321,0.864935813302056,12.5897149443626,1056.02679968789,389.444290508203,1,0,50,0.00980098884203471,0.150407682778314,0.068952495009364,1
"178",2,115,34,23,42.7592123222621,4.12932922125874,0.155735769033534,0.0136912148189118,0.0746910579037478,1,0.123092440764109,42.4796,3.96614119143282,0.163227292016645,0.0150356880544898,0.0711332517270926,8.18821908812129,0.789135785000113,11.2577709039052,1131.51742642077,406.722008194391,0,1,50,0.00965961580746807,0.166230501844548,0.0556363400883456,1
"179",3,74,35,25,50.6182644331218,7.01841144019085,0.210235778970052,0.0331911521536786,0.0240387477646596,1,0.109406550725301,51.3564,6.98891386460033,0.226820195242136,0.0457527047770411,0.0227680678322677,5.9042905521506,0.76327493254311,9.69007451136907,921.658140856847,158.214967913121,0,0,50,0.00552342747687362,0.161820781300776,0.0335706847923692,0
"180",4,83,31,25,45.1979110382331,5.86226481264963,0.14721275448344,0.0164461447254649,0.0532336532455935,1,0.11080907980601,45.032,5.59430911889995,0.156239766979683,0.0181550319171642,0.0505953538060469,7.34239651674786,0.794922607822815,9.5110342780749,962.997177900783,331.682406007633,0,0,50,0.00719209739472717,0.12483845630195,0.0734478203504783,0
"181",5,88,35,23,48.9809973779676,6.01468161175753,0.170823494237128,0.0201546516630331,0.0413673393689649,1,0.0813796679178874,50.5028,6.20159463931884,0.175582423223265,0.0227550406934662,0.0390540026783341,4.86349579536379,0.618626164072985,10.7269559144974,981.072464197605,266.391291985221,1,0,50,0.00829282833728939,0.160952325160615,0.0509481357324627,0
"182",6,118,38,24,49.1717314420899,4.92016946956455,0.166898002059106,0.0165592782019469,0.0558237565152038,1,0.0959431807200114,48.7676,4.76901327687961,0.175832491574081,0.0183254120057698,0.0539850723543949,6.9880180847746,0.852623733890188,12.5783382495244,901.423593313168,268.071642461605,0,0,50,0.00944399117026478,0.169284947924316,0.05244921776809,1
"183",7,110,36,25,52.7159893303737,5.95407313804468,0.119774586024999,0.00988865651686849,0.092847383714443,1,0.143333446979523,51.9292,5.66994238583281,0.124867013912552,0.0104332821258175,0.0919570026459636,7.20914345810048,0.830018550299119,12.1045319835345,1275.15513965813,417.206276172893,1,1,50,0.00798441373393871,0.127143937200308,0.0786089242186278,1
"184",8,61,30,20,55.5347849782544,9.22408685728056,0.115731133422552,0.013684126402527,0.0539443200707897,1,0.0629579424858093,55.8528,9.44374956902019,0.121472462393768,0.0148435726698282,0.0527866784250711,6.22023945045661,0.811345795873593,9.25488559802373,815.189681810914,339.690954055673,0,1,50,0.00535612992360257,0.125880137966014,0.0537968459645418,0
"185",1,150,44,25,57.6875818487248,5.19412614085163,0.135344513615351,0.0100385347892929,0.095541089147688,1,0.174713754653931,59.7196,5.44896800696576,0.132852262133054,0.0098945131730716,0.094424096087821,6.00090554635748,0.794498794515576,16.0153480569522,1314.33326183019,403.407939821584,0,1,50,0.0089098869706504,0.121430257195607,0.0961697521047729,0
"186",2,50,28,22,49.2434092376657,9.44295078635328,0.166962134406256,0.0264140581604468,0.0256544944758906,1,0.083441424369812,52.7968,10.6479698283093,0.169297202340494,0.0291703251921513,0.0253877473975516,5.08235844563818,0.671466753396268,8.15120681921641,586.238941888232,246.687989115069,0,0,50,0.00503211840055883,0.158505371650681,0.0318774088896524,0
"187",3,101,34,25,45.5707434725595,5.18808300402299,0.153770390700063,0.0160550642058287,0.0614356242518508,1,0.105642632643382,46.3408,5.11397266775827,0.157426329580685,0.0172172436782908,0.0594146179955562,6.90530317334743,0.745712741353656,10.7383278807004,733.737461291703,288.484874191965,1,0,50,0.00668965959222987,0.134475573822856,0.05887587008594,1
"188",4,85,31,24,48.8348234789226,6.29846263176411,0.107082062785217,0.00915842278982802,0.102607799019649,1,0.0994686166445414,49.5528,6.35201947577054,0.109343415640457,0.00978505942853351,0.0999276112181359,7.44784728343117,0.798996704144399,10.0344623645147,1338.34414726568,471.284500872572,1,1,50,0.00840881231124513,0.12163857341744,0.0904507462755115,1
"189",5,95,33,25,46.571889499238,5.5490084904301,0.141590917015869,0.0140668676129565,0.0649459682688784,1,0.124121085802714,46.0496,5.34102522557084,0.149120122279781,0.0155920188643136,0.0626681691008212,7.3425649596188,0.854958648206472,10.3923148234685,755.332141263693,294.63420053076,0,1,50,0.00829022308811545,0.14669352861587,0.0613146760969212,1
"190",6,115,37,25,52.7341730774974,5.67621475094683,0.129409695978202,0.0106191525899034,0.080887149306765,1,0.143614359696706,53.1936,5.8144683554821,0.13185641702112,0.0106663315604525,0.0805294211713812,7.7691119425397,0.820091405816846,12.4019095341365,1199.06347277356,547.930279855952,0,1,50,0.00884391951025464,0.158158149020746,0.0562706284737719,1
"191",7,106,41,25,58.8123979916107,6.81773518040382,0.158882533730137,0.0172443084344838,0.0460226179751709,1,0.110639250278473,59.7844,6.90033060548449,0.161717597196971,0.0177920115610088,0.0451332707586945,7.41583544103069,0.739095359462234,12.7219306349754,752.209870239167,258.085193763437,0,1,50,0.00875087827094831,0.172268171813339,0.046931202773419,0
"192",8,127,40,25,49.1056286487186,4.26390473985304,0.182581460215581,0.0169164894657556,0.0537047208216885,1,0.140633845329285,49.5528,4.21187703087938,0.183798484781804,0.0166701224371299,0.053832191402521,7.85306912203534,0.865537082345808,13.184963007768,950.425141957379,323.744734608093,1,0,50,0.00964596406673081,0.172247571288608,0.0517439474723318,0
"193",1,141,40,25,52.7685505802692,4.91278493702501,0.138395904879734,0.0105477458305088,0.0872677996662461,1,0.160667936007182,52.9852,4.81579253115012,0.140204227150021,0.0107537905797199,0.0862585729447426,7.89432040297667,0.902309879173957,14.4097162882487,1137.82708800539,344.323042256453,0,0,50,0.00948803958599456,0.13269317489583,0.0857628982084542,1
"194",2,111,37,25,53.2867152574173,5.78018193995012,0.118514040154951,0.0091502895062196,0.101511327759408,1,0.130473331610362,54.378,5.93252003094528,0.11856154934785,0.00940205506214681,0.101002109442625,7.45223640789836,0.890323573445051,12.2827868143717,1145.95126785727,334.045858280016,0,1,50,0.00856067930813879,0.14073438284453,0.0687904157075697,1
"195",3,86,38,25,58.5889849381112,7.46659160422917,0.140762797828483,0.0141993005886397,0.0512480224127847,1,0.128831799825033,59.1364,7.55421879009414,0.146506376623913,0.0160491771264235,0.0490471277724959,7.4290728131993,0.78575731475164,11.1556374112765,619.816849773564,299.95413772409,0,1,50,0.00663713083602488,0.154942611744627,0.0440006169560044,1
"196",4,108,30,23,37.8048720968878,4.10467219262362,0.162782178183542,0.0181255147961861,0.0656157665061472,1,0.124583049615224,39.3096,4.25546606572942,0.158992695083906,0.016663641951506,0.0659840833444589,8.06464436790064,0.818653377940829,10.2074315230052,998.949908906431,343.159761796738,1,1,50,0.00883927924092859,0.158554097665474,0.0559605590822795,0
"197",5,98,37,25,49.7239557159387,5.36631578061241,0.165555949335794,0.0161305612337296,0.0503340727964681,1,0.141646933555603,49.9784,5.22417938628681,0.170959659136886,0.0167047033313847,0.0488702587962393,6.89353703318228,0.880155159213232,11.0864692846934,1191.93329190784,374.550560649693,1,0,50,0.0084155587782152,0.144780465834774,0.0638973945599599,0
"198",6,85,33,21,54.4260415946139,7.52859703299622,0.114784088546315,0.0117816891579277,0.0732974272553201,1,0.0984478314717611,55.4308,7.80204845819722,0.11691027342971,0.0126345573407956,0.0721020984727765,7.03990551996848,0.769544234297553,10.6572402397792,717.259736017454,277.495861824416,0,1,50,0.00685800089733675,0.127074297079816,0.0675930801308794,1
"199",7,89,37,24,58.7142306363004,8.13038088220819,0.149133697346259,0.018887351705788,0.0413767011641662,1,0.144218711058299,60.6664,8.4300140625528,0.149105986915987,0.017477488906575,0.0416582793541011,6.46739482876012,0.71417001766522,11.5649882912636,849.616634013799,302.664734713141,0,0,50,0.00718111963826232,0.158659228314646,0.0454026935574005,1
"200",8,96,33,24,48.8227306442671,6.03073098195994,0.132830466484291,0.0129889446795588,0.0669102184876451,1,0.121608976523081,49.0008,5.86782514299493,0.137050117221071,0.0134057184838332,0.0656729697946234,5.30055053090968,0.827614459762462,10.7747097889582,1041.97664702389,347.546672751329,1,1,50,0.0076217826269567,0.158365353299305,0.0483678009096415,1
"201",1,76,33,21,46.6441891818413,5.96308227505651,0.172960377749553,0.0198742450701797,0.0390829037931218,1,0.130422536532084,47.282,5.96401742129587,0.180071237696418,0.0231779498818647,0.0376662291365538,5.90748724368616,0.779399064525705,10.6083747784297,916.203240561032,302.514422437483,1,0,50,0.00680525112547912,0.166862374059856,0.0388998074058329,0
"202",2,101,39,23,52.734299555881,5.73933259653448,0.174861376702822,0.018418003193823,0.0431904561990258,1,0.134540871779124,54.7916,6.41796272490074,0.170889714276445,0.0200764596341576,0.044125941636511,7.59765924107005,0.746809079162085,12.7440026481946,904.695415867676,299.772975154649,0,0,50,0.00928133763023652,0.179791407817975,0.0456975416047826,1
"203",3,80,38,23,61.7836494808352,8.97322617290678,0.155508968561588,0.0197406261676863,0.03544512608834,1,0.0882063547770182,63.7444,9.35455352802492,0.158718989927938,0.0202923524542847,0.0347881293436106,7.0293402933251,0.713753065341065,12.1733851035436,604.154354886728,279.851213873954,0,1,50,0.00690462661441416,0.160046162861399,0.042901235252201,0
"204",4,82,31,22,42.897660666803,5.27943689564314,0.155407949778978,0.0166721626820807,0.0539987005187851,1,0.152768055597941,44.5688,5.52542113068937,0.154699491222128,0.0168324994921821,0.0537421669509347,6.5837161989269,0.736564100734757,10.459371650219,1190.87031819451,391.231746421702,1,1,50,0.00787485315231606,0.141809991993941,0.0623230832443033,0
"205",5,67,28,23,42.5810174533651,6.5065237057091,0.155790146209036,0.0214978223023152,0.0413783739154415,1,0.0680198351542155,44.5284,6.94576784210116,0.155965428976435,0.0221702832175689,0.0415073961480183,6.60897838487353,0.738716579837206,9.51792477369309,740.729396002293,235.962359014197,1,1,50,0.00567228078260087,0.159191687274724,0.035623540522744,0
"206",6,120,36,25,44.3915434203493,4.13425245653334,0.18260029605414,0.0188096041812938,0.0527917865862722,1,0.111123065153758,45.2972,4.25178824041091,0.182398545828914,0.0190419737626568,0.0528828504653697,7.30820442786025,0.739976589562817,13.1352585872014,1010.22111976606,326.73506622464,1,1,50,0.00915771732339636,0.168743525706232,0.0511862280784384,0
"207",7,84,34,24,50.8846878004864,6.63921784757703,0.132888476568779,0.0135341245572264,0.0646148853707535,1,0.106885608037313,51.5996,6.48037637419158,0.135339280331297,0.0134205223573686,0.0636797019451742,6.87673492712797,0.766807798845274,11.5861628135045,806.445274105985,379.145028742033,0,1,50,0.00604003187152557,0.142708252337761,0.047202085439436,1
"208",8,71,34,23,54.9369866022118,8.33076285154254,0.160597324514124,0.0213366136328096,0.0333928344522693,1,0.0806394775708516,54.8288,8.45075479839908,0.172697794190292,0.0261906809329201,0.0318160765165194,7.12537091224163,0.790142406710826,11.1543506503105,740.98576885737,163.491045141657,1,1,50,0.00670018186676316,0.174652394894511,0.0349588898173219,0
"209",1,98,36,24,50.3493349442654,5.53162296412776,0.136803221562643,0.0117785943432221,0.0734856463594387,1,0.138672784964244,50.6312,5.51116464409236,0.140161603673058,0.011733784299484,0.0713481762426719,7.44792626586164,0.818622370689987,12.3395882964134,1440.21561673397,503.756977325408,0,0,50,0.00928928574430756,0.134675061525777,0.0815132273817737,0
"210",2,77,27,24,42.5606517343159,5.92632784394907,0.111837940867316,0.010756554548841,0.0899209697482317,1,0.0895280241966248,42.4168,5.79424775815059,0.120387721691311,0.0148928077016586,0.0826288218958908,3.8531816233697,0.851101126770773,9.73871791760127,1075.04049572468,255.754426083948,0,1,50,0.00801369773573242,0.125996935036965,0.0803402405377948,1
"211",3,75,33,25,50.6023513097205,7.5763888941491,0.165403008030248,0.0235000200045873,0.0352396191564739,1,0.0852150917053223,51.2412,7.31297575585769,0.175673640971707,0.0262093073849748,0.0333713590477129,6.61033190526199,0.793607054677651,10.7466876665751,632.482853483107,188.361805166266,0,1,50,0.00650998504832387,0.176382892308757,0.0333032949008305,1
"212",4,123,36,25,43.171579043362,3.75039458083415,0.186347102846586,0.0178838598755174,0.0559753005495099,1,0.177240574359894,44.1784,3.79435531980298,0.187041980978944,0.0186643266411068,0.0541414137339537,7.90800009698193,0.786032314093966,13.1116169730822,1044.18821352691,307.222843758581,1,0,50,0.00912406246759929,0.172774779698811,0.0486460616516806,1
"213",5,100,34,24,46.5403946568308,5.2757794307075,0.152101988490061,0.0154032836508649,0.0590606464516068,1,0.0920645634333293,46.8424,5.11359186567597,0.157421991509703,0.0167650646490893,0.0572099030863657,7.2341874179981,0.839147951952945,11.8839687983195,1007.5418092776,286.589991231035,1,0,50,0.00896757455309853,0.145226477379911,0.0676711444219598,0
"214",6,99,37,25,54.2994562023125,6.41940641344661,0.135725297420678,0.0127760032158265,0.0646479124817243,1,0.145365003744761,53.2548,5.97502781105973,0.144152689243111,0.0144720349318848,0.0626575205014577,6.04952075584252,0.867262213806782,12.4412428021431,793.236792008942,305.675652439373,1,0,50,0.00759603480459191,0.133448735810816,0.0678856764131628,0
"215",7,106,34,22,47.9446334833478,5.47526483323155,0.11739475810166,0.00990209500072355,0.112891608201395,1,0.190050260225932,49.1904,5.78103070104169,0.116694167132335,0.0100228267666237,0.112051986023349,6.468561494121,0.649465594448541,13.0799693306287,1187.66682189484,467.339225443129,1,0,50,0.00960500445682556,0.120055353515781,0.106060736974267,1
"216",8,99,36,23,49.402146927446,5.4362901705725,0.146543518515868,0.0134376740903797,0.064697104706991,1,0.120701460043589,49.7152,5.44730742874765,0.150624480206579,0.0142157102765908,0.0635829476936649,7.44481608146224,0.856171615912044,12.4139181256294,1225.62788653449,315.83522161571,1,1,50,0.0080342320620548,0.15444000529591,0.0536098865000761,1
"217",1,70,30,23,52.4469562283409,7.94626287393576,0.110881222130194,0.011927389602847,0.069051281593164,1,0.0850444515546163,51.6968,7.74855378727655,0.118059593066729,0.0130155683846179,0.0666630836476143,6.07502301668173,0.792651814534197,9.91167726119359,1010.45222346655,367.032770303025,1,1,50,0.00686335176927969,0.147652180669829,0.0501044915388411,1
"218",2,193,47,25,61.0194412800281,5.05394291827585,0.127848852909312,0.00820493425921254,0.118974201000752,1,0.279437458515167,60.7044,4.89418040541379,0.131828458727847,0.00862665917942919,0.11458644502421,8.46989019421528,0.892279686751911,20.0101811130842,1099.2133975515,383.317339852649,1,1,50,0.00975807034992613,0.132195604545996,0.0888689493796455,1
"219",3,78,33,24,45.9842987881395,5.71165705532951,0.166791873570996,0.0177916003292786,0.0443480617760665,1,0.112402550379435,48.1436,5.95445726028039,0.165200746186403,0.0173911928844285,0.0430720917915976,5.77894717912047,0.701625833481492,9.93441696564357,1123.76749117267,448.258736048987,1,1,50,0.00663432576111518,0.150014547100291,0.0469191541218784,0
"220",4,134,41,25,51.1709934868245,4.44311536894556,0.165283019906277,0.0140244216213362,0.065347527693236,1,0.156776102383931,51.7532,4.60868590319429,0.165271299498578,0.0145842099182339,0.0661025890518839,7.62290359917504,0.84699143200076,14.3936129172643,1127.18685020579,392.319716032336,0,1,50,0.00985634852666408,0.158241152828559,0.0626465713800203,0
"221",5,90,32,24,39.295762515448,3.9832194427686,0.211847094138904,0.0258182920366937,0.0375769868981149,1,0.157010757923126,40.1284,4.08531386257437,0.217206063453663,0.030492968481779,0.0364533822138315,5.58698889945127,0.814010283065647,9.97733174959819,1022.51878330275,249.398517860547,1,0,50,0.00814769682940096,0.16236844914034,0.0491871554305341,0
"222",6,113,41,25,58.9686871007653,6.26340237984623,0.124981804032121,0.00998196730253379,0.0868684487519788,1,0.131889573733012,60.0844,6.36476871161089,0.124457949990266,0.0102970729767006,0.088370436127969,6.6587342135064,0.890326339892471,13.7885626872381,1024.81935518607,343.86920633649,0,0,50,0.00843723306432366,0.159359113234095,0.0528769466032772,0
"223",7,82,33,25,51.8191907770616,6.79115176131399,0.124627039657669,0.0119619941109425,0.0670475390116788,1,0.111725882689158,53.2612,6.90565346509018,0.124710603869315,0.0115776889327913,0.0673527698139526,7.03231440494391,0.754925922260395,10.7811382571856,1362.51815515039,452.551496020779,0,1,50,0.00626385509385727,0.145198566159233,0.0472865009221981,0
"224",8,119,38,24,45.8292953230317,3.83127464467566,0.177473953741883,0.014592117575354,0.0620463053502231,1,0.167263042926788,46.094,3.81488995308405,0.183117323771447,0.0158529487156533,0.0597664931502686,7.56023978592237,0.839307893303752,12.7351626038551,1227.85301012954,434.401218137126,1,0,50,0.00926805504015647,0.16852376808878,0.0519381425082145,1
"225",1,80,36,23,53.2478794213017,7.47081131786496,0.180375837452822,0.0249864294138911,0.0316012590856659,1,0.131275486946106,55.964,7.88870056718186,0.177710983298603,0.0241216836849233,0.0321137602905482,6.29195809985306,0.646594503237285,11.0673664927483,697.505992635573,249.089845336442,0,1,50,0.0069312626554165,0.175916390768252,0.0356467447059558,1
"226",2,75,30,24,42.0844060830373,5.39296481348909,0.161951425395697,0.0182796410284214,0.0467567314997114,1,0.104092919826508,43.4936,5.56186414550996,0.162384111532205,0.0201851471016923,0.0468232229256546,4.48489629690311,0.731299135330415,9.30238430500031,1122.09346364878,335.642675690373,1,0,50,0.00627532769693062,0.123654514490627,0.065318557923572,1
"227",3,80,32,25,46.5544841969685,6.29541536414718,0.148728250902735,0.0169977187286134,0.0521815128020494,1,0.0874036312103272,47.786,6.41347464817825,0.151529856720592,0.0169572964943793,0.0508491197711971,6.64888209841627,0.752387399990298,9.95895115931829,1166.78418038416,349.160816558621,1,1,50,0.00743846839293838,0.17403218915686,0.0390880933817041,1
"228",4,91,37,25,57.0751789151083,7.42669655362681,0.135942692002155,0.0143524680668473,0.0559428257001886,1,0.0864190975824992,58.9496,7.65324040361141,0.136701946507883,0.0145280076331374,0.0543763639334626,5.76318279885345,0.642149137839517,11.9046796480815,885.433604390847,345.043955174282,0,1,50,0.0067239713575691,0.144331729360856,0.0513715128833359,1
"229",5,111,33,25,40.4302063766714,3.8927591034172,0.179421470571266,0.0187140485935857,0.0565933542411923,1,0.106140863895416,41.1704,3.9456800676789,0.180104576496301,0.020043513419329,0.0564658900389518,5.63804360353906,0.888905592027342,11.2921040614446,768.505409171113,229.021597832333,1,0,50,0.00828703723847866,0.167275774022564,0.0471360651856055,1
"230",6,91,33,23,47.6362055715437,5.87230930865065,0.132686310761287,0.0130289642516393,0.0723323955037378,1,0.089354677995046,48.0252,5.65435705111241,0.137233023656583,0.0129879152457254,0.0697859930192657,6.57502700031218,0.803555879484209,10.8690724333127,1167.35337329358,390.203457644544,1,1,50,0.00930011092801578,0.13906235144008,0.0765401172028228,0
"231",7,58,32,24,55.0905064615425,10.3176239372034,0.190727435211976,0.0363541022899968,0.0202629589832849,1,0.0788455287615458,59.55,11.4639639299675,0.193584663585463,0.0473535051561042,0.0203739186924448,6.35962045196686,0.56299488731204,9.80932272275289,375.698854529754,133.382690152164,0,0,50,0.00609209935297258,0.163587672603317,0.0362314705809318,1
"232",8,77,32,25,50.7651570088592,7.45694880697754,0.143588418992894,0.0184260912193638,0.0453780873414198,1,0.104239292939504,51.0556,7.33689584608249,0.150597894231761,0.0187267200147795,0.0440369788037226,7.2208732211179,0.682657857983984,10.3043941815694,664.925944462695,284.90797534336,0,1,50,0.00788742744131014,0.14735002905596,0.0578169339355085,0
"233",1,71,31,23,46.7833954708076,6.73794032981652,0.158383367173941,0.0201318687655739,0.0405555002028009,1,0.0879049857457479,47.7892,6.69270350995088,0.162640681455497,0.0215739007747268,0.0400804380146415,7.54611011671562,0.810629937008314,9.10783018668493,910.663170166404,263.756619779422,1,1,50,0.00794667674112134,0.163941126060672,0.0470576083617741,0
"234",2,131,40,24,50.0494199873078,4.37238253162873,0.160154293121335,0.0128999106197611,0.0705042161740308,1,0.154914593696594,50.4376,4.34861707076759,0.163235394128877,0.0131888037530198,0.0682953696638483,7.99853932543581,0.804122439659766,13.3611371676127,1095.93386082476,444.038737874876,0,0,50,0.00948262727702968,0.148308915076777,0.0686142461762178,1
"235",3,128,42,25,51.100151413181,4.21852962307939,0.179623653716394,0.0150058831872153,0.0580034037891994,1,0.160334773858388,50.98,4.01482845698488,0.185230639572284,0.0161475841606774,0.0571884710597736,4.69402402104855,0.834966349769008,13.3556847810745,1384.58299223135,418.588344993664,1,0,50,0.00832471622736193,0.169811371956021,0.0459468802233905,1
"236",4,79,36,24,52.8545961557778,6.90625449410515,0.172543157368816,0.0201106270496765,0.035584995107106,1,0.136273260911306,54.1464,7.16624790832926,0.176215681037069,0.0215174703402162,0.0352468078922884,7.45973287134862,0.664032817600554,10.224454776446,1084.74475229587,310.240217414437,0,1,50,0.00646921770065092,0.174407548536547,0.0338486492337673,1
"237",5,91,35,24,46.9130550881013,5.42898628846137,0.180424324180772,0.0209734640517305,0.0411388551581843,1,0.102255880832672,47.2036,5.46301060166769,0.18523083338643,0.0222817622422545,0.04111358788116,6.9752387216036,0.817133607022532,10.3198522607485,898.88426897903,293.977971721771,1,0,50,0.00696836583432742,0.161536302664317,0.0425021400329763,0
"238",6,99,38,25,54.4010208693913,6.22980429095935,0.144295357950508,0.013589090510717,0.0591168150279456,1,0.120715634028117,56.1456,6.39330512177794,0.142360237601537,0.0131750616323638,0.0601519082597947,6.74356803055489,0.821750736276846,11.8281975189845,1188.46796829605,408.045868548316,0,0,50,0.00755312870489433,0.161946087148972,0.045835935347349,0
"239",7,107,37,24,50.7382760348342,5.44301629570777,0.140207094253597,0.0122439078443705,0.0732328312843486,1,0.115762797991435,51.0984,5.46719979051614,0.145003361119043,0.0132080593881743,0.0707479549637041,7.01631767069395,0.836178596575117,11.9042676329613,780.856165694089,344.497816723757,0,1,50,0.00998042913037352,0.149302730094641,0.0712580360390972,1
"240",8,95,35,24,54.7776593067777,6.94971871885042,0.123178522135773,0.0118340440853221,0.0698607204737581,1,0.136396503448486,55.8396,7.02242106392372,0.125757974365311,0.0129827959769017,0.0684321352219466,7.4805873813169,0.73712210954031,11.3887760043144,950.041608250877,318.729987909458,0,1,50,0.00722947925445624,0.139367120065726,0.0592388332279669,1
"241",1,115,38,25,54.7155281459065,6.00373105206956,0.128098633006026,0.010770324134718,0.0805570297605216,1,0.1313845038414,56.2632,6.2241964950348,0.128267391446656,0.010808554639239,0.0795585973087444,7.70954693385524,0.814341538404616,12.8624042391777,1130.35903672852,305.338579088509,0,1,50,0.00895822965656407,0.147650248319842,0.0653994295561326,1
"242",2,92,36,25,50.3512073947476,5.7535107236983,0.145119160017777,0.0135390059265675,0.0625158714619073,1,0.139122215906779,51.4548,5.74765788721592,0.147036221717175,0.0134608445570668,0.0608804593900834,7.44564787184532,0.791242924205727,10.7954748630524,1235.86706574952,489.22123392588,0,1,50,0.00830550775397569,0.147054535592906,0.0611264918649234,1
"243",3,112,35,23,44.6826163410741,4.35304509535807,0.140149550762186,0.0113112486370855,0.0956175366826645,1,0.146970168749491,45.7024,4.30883518648204,0.140980051816829,0.0111138604716017,0.0920213152595939,7.9873845519255,0.864783116575286,11.4334095199903,1035.72664767449,388.469916126347,1,0,50,0.00967114671017043,0.128990495894104,0.0925087213993758,1
"244",4,70,32,25,49.8533826851126,7.08773950640831,0.147861562938294,0.0170313262380445,0.0441831527922686,1,0.0806798179944356,50.3336,7.17532613628571,0.154259031405379,0.0183553534998609,0.0432299118859193,6.4561268476621,0.756676140414772,9.31507369677226,1117.44474508241,386.260426857518,0,0,50,0.0072588506701868,0.150998614635319,0.0506689690855208,0
"245",5,106,37,25,47.8305680342216,4.88107687871373,0.172645456174955,0.0170605866875282,0.0513826921401775,1,0.155533786614736,47.1632,4.45345922622312,0.182721454493805,0.0190042246748613,0.0499176637768107,6.93459500551614,0.880191364028094,11.4457563519478,1043.8169127743,282.486005388293,0,0,50,0.00909942319849506,0.160316885705106,0.0563476048023534,0
"246",6,112,34,24,50.679723962995,5.92294198783266,0.127671478728231,0.0111953970663168,0.0729690356594076,1,0.146736331780752,51.1544,5.93726040059098,0.129583243520222,0.0124931885784287,0.0728539732037081,7.63780083304924,0.849287427667606,11.8987481037776,1082.50327064833,311.670343473839,0,0,50,0.00834809209802188,0.127599864955992,0.0816031519377112,0
"247",7,66,33,24,55.8459142057169,9.26266121412069,0.154878821457086,0.0219491640493243,0.0327622977533634,1,0.0652976910273234,58.2516,9.75881095197968,0.155254799008767,0.021380696370125,0.0334565625963045,7.00335266662471,0.753373872951899,9.80724804401398,795.916111292261,285.775170597351,0,0,50,0.00614043716574088,0.151241894192062,0.0427243247408696,1
"248",8,86,34,25,56.6844645428287,7.55588147312597,0.105862911873899,0.00974474233720958,0.0892787703074351,1,0.100593407948812,56.7848,7.6106805177446,0.108879997366305,0.0102835445911034,0.0886539546671945,7.74163082879747,0.824669579941142,10.890615328153,1002.91809988022,375.691301063613,0,1,50,0.00713398020947352,0.125440503652208,0.0721566652216076,1
"249",1,94,33,25,47.030738847673,5.43202425377076,0.133625844140952,0.0116967615347156,0.0738495779193711,1,0.0895405729611715,47.6524,5.32230260338519,0.135614829890595,0.0124252025257006,0.0732346030270626,7.93264154043673,0.775579073434241,10.5873753945033,1112.18287492896,362.423606743132,1,0,50,0.00730989654548466,0.128050140808336,0.0709530782030728,1
"250",2,95,38,24,51.1234086963182,5.79638083464611,0.1903581846873,0.0224977912814344,0.0359296748304603,1,0.153732804457347,52.3296,5.93995598222986,0.195094771867138,0.0239468305128237,0.034476210706212,6.25764593369528,0.79121600721793,11.2096720019976,802.5755061202,321.889211609007,0,0,50,0.00650292672216892,0.163598084072582,0.0386698569345271,0
"251",3,74,28,25,41.3438559893262,5.7712718940744,0.140027529777011,0.0159714346408529,0.0584538849010407,1,0.0572442015012105,42.0072,5.76017534524802,0.14276454478295,0.0168976736420631,0.0584222335697353,6.76412990545808,0.813590154044849,8.61130626996358,1042.85012001853,288.939344878505,1,1,50,0.00575247015571222,0.144903029403649,0.043603321754489,1
"252",4,101,41,24,57.3830884157625,6.53705911599471,0.164267186957191,0.0167904168395562,0.045453779368863,1,0.119580717881521,58.6188,6.50409162321206,0.167546187034138,0.0179951525695796,0.0442093656693861,7.31408262919335,0.798134317331332,12.1696870287259,683.646178291604,307.185335074943,0,1,50,0.00922194400569424,0.174069283911958,0.0484393522691495,0
"253",5,61,32,24,66.7330210260326,11.7533777625015,0.111403618794537,0.0145115522560556,0.0460721310376341,1,0.090531333287557,67.5456,12.3083272058978,0.120888571686236,0.0214146971427976,0.0429687476164398,5.05386686799918,0.780482195337812,10.134744822979,653.819879780762,95.3871102217034,0,1,50,0.00508804293116555,0.142052773889154,0.0401302126766741,1
"254",6,113,37,25,49.9401391238888,5.36023401309624,0.151840997022512,0.0145600059626076,0.0620842300776892,1,0.120796581109365,52.8368,5.84423029757627,0.1538671122299,0.019496027096406,0.0551371737216757,2.18843449847957,0.809415856820264,12.3094725410144,1163.46335186881,168.256676888991,0,1,50,0.00899909338797443,0.171723990496248,0.0485687522448674,1
"255",7,141,42,25,49.0862519186725,3.57081602244766,0.198481625319338,0.0166973240776997,0.0533012577642989,1,0.179776930809021,49.478,3.55000803137248,0.200662872902205,0.0171356322011907,0.0525477932496468,7.1387195753016,0.893890244389249,14.1852463126183,1437.48442470406,409.848355945237,1,0,50,0.00949434448499233,0.175126337176189,0.0492699575589823,1
"256",8,60,32,24,53.5424084199009,8.9974128498355,0.175210355890815,0.0259827215391539,0.0255787286225614,1,0.0622358520825704,55.9348,9.5882074679775,0.182505305421011,0.030400598080114,0.0247141680076846,6.93154603655016,0.707344742356079,9.18633815844854,658.919467253125,229.180218513707,0,0,50,0.00510747090680525,0.157229593684897,0.0328819412381991,0
